ticker,validated_date
1SXP.DE,2025-11-21T10:30:12.057324
8TRA.DE,2025-11-21T10:30:12.057338
A,2025-11-21T10:30:12.057342
A2A.F,2025-11-21T10:30:12.057346
A2A.MI,2025-11-21T10:30:12.057350
A3M.MC,2025-11-21T10:30:12.057353
AAF.L,2025-11-21T10:30:12.057357
AAK,2025-11-21T10:30:12.057360
AAK.ST,2025-11-21T10:30:12.057364
AAL.L,2025-11-21T10:30:12.057367
AALB.AS,2025-11-21T10:30:12.057370
AAPL,2025-11-21T10:30:12.057374
ABB.F,2025-11-21T10:30:12.057377
ABB.MC,2025-11-21T10:30:12.057380
ABBV,2025-11-21T10:30:12.057383
ABDN.L,2025-11-21T10:30:12.057387
ABF.L,2025-11-21T10:30:12.057390
ABI.BR,2025-11-21T10:30:12.057393
ABNB,2025-11-21T10:30:12.057397
ABT,2025-11-21T10:30:12.057400
ABVX.PA,2025-11-21T10:30:12.057403
AC.PA,2025-11-21T10:30:12.057407
ACAD.ST,2025-11-21T10:30:12.057410
ACE.MI,2025-11-21T10:30:12.057413
ACGL,2025-11-21T10:30:12.057417
ACKB.BR,2025-11-21T10:30:12.057420
ACLN.SW,2025-11-21T10:30:12.057423
ACN,2025-11-21T10:30:12.057427
ACS,2025-11-21T10:30:12.057431
ACS.MC,2025-11-21T10:30:12.057434
ACX.MC,2025-11-21T10:30:12.057437
AD.AS,2025-11-21T10:30:12.057440
ADBE,2025-11-21T10:30:12.057444
ADDT-B.ST,2025-11-21T10:30:12.057447
ADEN.SW,2025-11-21T10:30:12.057450
ADI,2025-11-21T10:30:12.057454
ADM,2025-11-21T10:30:12.057457
ADP,2025-11-21T10:30:12.057460
ADP.PA,2025-11-21T10:30:12.057464
ADS.DE,2025-11-21T10:30:12.057467
ADSK,2025-11-21T10:30:12.057471
ADYEN.AS,2025-11-21T10:30:12.057474
AEDAS.MC,2025-11-21T10:30:12.057477
AEE,2025-11-21T10:30:12.057481
AENA.MC,2025-11-21T10:30:12.057484
AEP,2025-11-21T10:30:12.057487
AERO.SW,2025-11-21T10:30:12.057490
AES,2025-11-21T10:30:12.057499
AFL,2025-11-21T10:30:12.057503
AFRY.ST,2025-11-21T10:30:12.057506
AGG,2025-11-21T10:30:12.057512
AGRP.L,2025-11-21T10:30:12.057518
AGS.BR,2025-11-21T10:30:12.057525
AHT.L,2025-11-21T10:30:12.057531
AIG,2025-11-21T10:30:12.057537
AIR.PA,2025-11-21T10:30:12.057543
AIXA.DE,2025-11-21T10:30:12.057549
AIZ,2025-11-21T10:30:12.057555
AJG,2025-11-21T10:30:12.057561
AKAM,2025-11-21T10:30:12.057567
AKE.PA,2025-11-21T10:30:12.057574
AKER.OL,2025-11-21T10:30:12.057580
AKRBP.OL,2025-11-21T10:30:12.057586
ALB,2025-11-21T10:30:12.057593
ALFA.ST,2025-11-21T10:30:12.057600
ALFEN.AS,2025-11-21T10:30:12.057607
ALGN,2025-11-21T10:30:12.057676
ALIF-B.ST,2025-11-21T10:30:12.057691
ALL,2025-11-21T10:30:12.057699
ALLE,2025-11-21T10:30:12.057705
ALLEI.ST,2025-11-21T10:30:12.057711
ALLFG.AS,2025-11-21T10:30:12.057717
ALLN.SW,2025-11-21T10:30:12.057723
ALM.MC,2025-11-21T10:30:12.057730
ALMB.CO,2025-11-21T10:30:12.057736
ALPH.L,2025-11-21T10:30:12.057742
ALSN.SW,2025-11-21T10:30:12.057753
ALV.DE,2025-11-21T10:30:12.057760
AM.PA,2025-11-21T10:30:12.057766
AMAT,2025-11-21T10:30:12.057772
AMBEA.ST,2025-11-21T10:30:12.057779
AMCR,2025-11-21T10:30:12.057785
AMD,2025-11-21T10:30:12.057791
AME,2025-11-21T10:30:12.057797
AMG.AS,2025-11-21T10:30:12.057804
AMGN,2025-11-21T10:30:12.057810
AML.L,2025-11-21T10:30:12.057816
AMP,2025-11-21T10:30:12.057820
AMS.SW,2025-11-21T10:30:12.057823
AMT,2025-11-21T10:30:12.057827
AMUN.PA,2025-11-21T10:30:12.057830
AMZN,2025-11-21T10:30:12.057833
ANA.MC,2025-11-21T10:30:12.057838
ANDR.VI,2025-11-21T10:30:12.057841
ANE.MC,2025-11-21T10:30:12.057845
ANET,2025-11-21T10:30:12.057848
ANOD-B.ST,2025-11-21T10:30:12.057851
ANTO.L,2025-11-21T10:30:12.057855
AON,2025-11-21T10:30:12.057858
AOS,2025-11-21T10:30:12.057861
APA,2025-11-21T10:30:12.057864
APAM.AS,2025-11-21T10:30:12.057867
APD,2025-11-21T10:30:12.057871
APH,2025-11-21T10:30:12.057874
APO,2025-11-21T10:30:12.057877
APOTEA.ST,2025-11-21T10:30:12.057880
APP,2025-11-21T10:30:12.057883
APTV,2025-11-21T10:30:12.057886
AQ.ST,2025-11-21T10:30:12.057891
ARCAD.AS,2025-11-21T10:30:12.057895
ARE,2025-11-21T10:30:12.057898
ARGX.BR,2025-11-21T10:30:12.057901
ARIS.MI,2025-11-21T10:30:12.057917
ARJO-B.ST,2025-11-21T10:30:12.057921
ARM,2025-11-21T10:30:12.057924
ARYN.SW,2025-11-21T10:30:12.057927
ASHM.L,2025-11-21T10:30:12.057930
ASML.AS,2025-11-21T10:30:12.057934
ASRNL.AS,2025-11-21T10:30:12.057937
ASSA-B.ST,2025-11-21T10:30:12.057940
AT1.DE,2025-11-21T10:30:12.057944
ATCO-A.ST,2025-11-21T10:30:12.057948
ATG.L,2025-11-21T10:30:12.057951
ATO,2025-11-21T10:30:12.057954
ATT.ST,2025-11-21T10:30:12.057957
AUTO.OL,2025-11-21T10:30:12.057961
AV.L,2025-11-21T10:30:12.057964
AVB,2025-11-21T10:30:12.057967
AVGO,2025-11-21T10:30:12.057972
AVOL.SW,2025-11-21T10:30:12.057975
AVON.L,2025-11-21T10:30:12.057978
AVY,2025-11-21T10:30:12.057981
AWE.L,2025-11-21T10:30:12.057985
AWK,2025-11-21T10:30:12.057988
AXA,2025-11-21T10:30:12.057991
AXFO.ST,2025-11-21T10:30:12.057994
AXON,2025-11-21T10:30:12.057998
AXP,2025-11-21T10:30:12.058001
AYV.PA,2025-11-21T10:30:12.058004
AZE.BR,2025-11-21T10:30:12.058008
AZN,2025-11-21T10:30:12.058011
AZN.L,2025-11-21T10:30:12.058017
AZO,2025-11-21T10:30:12.058023
BA,2025-11-21T10:30:12.058029
BAB.L,2025-11-21T10:30:12.058035
BABA,2025-11-21T10:30:12.058040
BAC,2025-11-21T10:30:12.058046
BAER.SW,2025-11-21T10:30:12.058052
BAES.L,2025-11-21T10:30:12.058059
BAG.L,2025-11-21T10:30:12.058065
BAKKA.OL,2025-11-21T10:30:12.058071
BALD-B.ST,2025-11-21T10:30:12.058077
BALL,2025-11-21T10:30:12.058091
BALN.SW,2025-11-21T10:30:12.058097
BAMI.MI,2025-11-21T10:30:12.058102
BANB.SW,2025-11-21T10:30:12.058108
BAR.BR,2025-11-21T10:30:12.058130
BARC.L,2025-11-21T10:30:12.058134
BARN.SW,2025-11-21T10:30:12.058137
BAS.DE,2025-11-21T10:30:12.058141
BATS.L,2025-11-21T10:30:12.058144
BAVA.CO,2025-11-21T10:30:12.058147
BAX,2025-11-21T10:30:12.058151
BAYN.DE,2025-11-21T10:30:12.058154
BBVA.MC,2025-11-21T10:30:12.058157
BBY,2025-11-21T10:30:12.058160
BCG.L,2025-11-21T10:30:12.058164
BCHN.SW,2025-11-21T10:30:12.058167
BCP.LS,2025-11-21T10:30:12.058170
BCVN.SW,2025-11-21T10:30:12.058173
BDX,2025-11-21T10:30:12.058177
BEAN.SW,2025-11-21T10:30:12.058180
BEIA-B.ST,2025-11-21T10:30:12.058185
BEIJ-B.ST,2025-11-21T10:30:12.058188
BEKB.BR,2025-11-21T10:30:12.058191
BEN,2025-11-21T10:30:12.058195
BESI.AS,2025-11-21T10:30:12.058198
BETS-B.ST,2025-11-21T10:30:12.058201
BFF.MI,2025-11-21T10:30:12.058204
BFIT.AS,2025-11-21T10:30:12.058208
BFSA.DE,2025-11-21T10:30:12.058211
BFT.WA,2025-11-21T10:30:12.058214
BG,2025-11-21T10:30:12.058217
BGEO.L,2025-11-21T10:30:12.058221
BGN.MI,2025-11-21T10:30:12.058224
BHW.WA,2025-11-21T10:30:12.058227
BIIB,2025-11-21T10:30:12.058231
BIL,2025-11-21T10:30:12.058234
BILI-A.ST,2025-11-21T10:30:12.058237
BILL.ST,2025-11-21T10:30:12.058240
BIOA-B.ST,2025-11-21T10:30:12.058244
BIOG-B.ST,2025-11-21T10:30:12.058247
BIV,2025-11-21T10:30:12.058250
BK,2025-11-21T10:30:12.058254
BKNG,2025-11-21T10:30:12.058257
BKR,2025-11-21T10:30:12.058260
BKT.MC,2025-11-21T10:30:12.058263
BLDR,2025-11-21T10:30:12.058267
BLK,2025-11-21T10:30:12.058270
BLND.L,2025-11-21T10:30:12.058273
BMED.MI,2025-11-21T10:30:12.058276
BMPS.MI,2025-11-21T10:30:12.058288
BMW.DE,2025-11-21T10:30:12.058292
BMY,2025-11-21T10:30:12.058295
BND,2025-11-21T10:30:12.058298
BNDX,2025-11-21T10:30:12.058303
BNOR.OL,2025-11-21T10:30:12.058309
BNZL.L,2025-11-21T10:30:12.058315
BOL.ST,2025-11-21T10:30:12.058322
BONEX.ST,2025-11-21T10:30:12.058328
BOOZT.ST,2025-11-21T10:30:12.058335
BOWL.L,2025-11-21T10:30:12.058342
BOY.L,2025-11-21T10:30:12.058348
BP.L,2025-11-21T10:30:12.058355
BR,2025-11-21T10:30:12.058361
BRAV.ST,2025-11-21T10:30:12.058368
BRBY.L,2025-11-21T10:30:12.058375
BREE.L,2025-11-21T10:30:12.058381
BRKN.SW,2025-11-21T10:30:12.058387
BRO,2025-11-21T10:30:12.058393
BSLN.SW,2025-11-21T10:30:12.058422
BSV,2025-11-21T10:30:12.058436
BSX,2025-11-21T10:30:12.058442
BTRW.L,2025-11-21T10:30:12.058477
BUCN.SW,2025-11-21T10:30:12.058485
BUFAB.ST,2025-11-21T10:30:12.058491
BURE.ST,2025-11-21T10:30:12.058536
BVI.PA,2025-11-21T10:30:12.058542
BWLPG.OL,2025-11-21T10:30:12.058548
BWY.L,2025-11-21T10:30:12.058555
BX,2025-11-21T10:30:12.058562
BXP,2025-11-21T10:30:12.058568
BYG.L,2025-11-21T10:30:12.058577
BYIT.L,2025-11-21T10:30:12.058583
BZU.MI,2025-11-21T10:30:12.058590
C,2025-11-21T10:30:12.058595
CA.PA,2025-11-21T10:30:12.058601
CABK.MC,2025-11-21T10:30:12.058607
CADLR.OL,2025-11-21T10:30:12.058723
CAF.MC,2025-11-21T10:30:12.058734
CAG,2025-11-21T10:30:12.058741
CAH,2025-11-21T10:30:12.058746
CAMX.ST,2025-11-21T10:30:12.058752
CAN.L,2025-11-21T10:30:12.058758
CARM.PA,2025-11-21T10:30:12.058764
CARR,2025-11-21T10:30:12.058769
CAST.ST,2025-11-21T10:30:12.058775
CAT,2025-11-21T10:30:12.058782
CATE.ST,2025-11-21T10:30:12.058788
CB,2025-11-21T10:30:12.059039
CBOE,2025-11-21T10:30:12.059055
CBRE,2025-11-21T10:30:12.059061
CCC.L,2025-11-21T10:30:12.059498
CCEP,2025-11-21T10:30:12.059812
CCH.L,2025-11-21T10:30:12.059823
CCI,2025-11-21T10:30:12.059830
CCL,2025-11-21T10:30:12.059837
CCL.L,2025-11-21T10:30:12.059842
CDNS,2025-11-21T10:30:12.059847
CDR.WA,2025-11-21T10:30:12.059853
CDW,2025-11-21T10:30:12.059858
CEG,2025-11-21T10:30:12.059864
CF,2025-11-21T10:30:12.059869
CFG,2025-11-21T10:30:12.059875
CFR.SW,2025-11-21T10:30:12.059881
CGEO.L,2025-11-21T10:30:12.059887
CHD,2025-11-21T10:30:12.059893
CHEMM.CO,2025-11-21T10:30:12.059899
CHG.L,2025-11-21T10:30:12.059905
CHRW,2025-11-21T10:30:12.059910
CHTR,2025-11-21T10:30:12.059916
CI,2025-11-21T10:30:12.059922
CIBUS.ST,2025-11-21T10:30:12.059927
CINF,2025-11-21T10:30:12.059933
CKN.L,2025-11-21T10:30:12.059938
CL,2025-11-21T10:30:12.059944
CLARI.PA,2025-11-21T10:30:12.059950
CLAS-B.ST,2025-11-21T10:30:12.059956
CLN.SW,2025-11-21T10:30:12.059961
CLNX.MC,2025-11-21T10:30:12.059967
CLX,2025-11-21T10:30:12.059973
CMBN.SW,2025-11-21T10:30:12.059978
CMCSA,2025-11-21T10:30:12.059984
CME,2025-11-21T10:30:12.059989
CMG,2025-11-21T10:30:12.059995
CMI,2025-11-21T10:30:12.060000
CMS,2025-11-21T10:30:12.060005
CNA.L,2025-11-21T10:30:12.060011
CNC,2025-11-21T10:30:12.060017
CNP,2025-11-21T10:30:12.060022
COA.L,2025-11-21T10:30:12.060028
COF,2025-11-21T10:30:12.060035
COFA.PA,2025-11-21T10:30:12.060041
COFB.BR,2025-11-21T10:30:12.060047
COIN,2025-11-21T10:30:12.060054
COL.MC,2025-11-21T10:30:12.060060
COLOB.CO,2025-11-21T10:30:12.060066
COLR.BR,2025-11-21T10:30:12.060072
CON.DE,2025-11-21T10:30:12.060078
COO,2025-11-21T10:30:12.060085
COP,2025-11-21T10:30:12.060090
COPN.SW,2025-11-21T10:30:12.060096
COR,2025-11-21T10:30:12.060102
CORE-B.ST,2025-11-21T10:30:12.060110
COST,2025-11-21T10:30:12.060117
CPAY,2025-11-21T10:30:12.060123
CPB,2025-11-21T10:30:12.060129
CPG.L,2025-11-21T10:30:12.060135
CPI.L,2025-11-21T10:30:12.060141
CPRT,2025-11-21T10:30:12.060147
CPS.WA,2025-11-21T10:30:12.060153
CPT,2025-11-21T10:30:12.060174
CRDA.L,2025-11-21T10:30:12.060178
CRE.L,2025-11-21T10:30:12.060182
CRH.L,2025-11-21T10:30:12.060185
CRL,2025-11-21T10:30:12.060191
CRM,2025-11-21T10:30:12.060194
CRST.L,2025-11-21T10:30:12.060197
CRWD,2025-11-21T10:30:12.060200
CSCO,2025-11-21T10:30:12.060204
CSGP,2025-11-21T10:30:12.060207
CSX,2025-11-21T10:30:12.060210
CTAS,2025-11-21T10:30:12.060213
CTEC.L,2025-11-21T10:30:12.060217
CTPNV.AS,2025-11-21T10:30:12.060220
CTRA,2025-11-21T10:30:12.060223
CTSH,2025-11-21T10:30:12.060227
CTT.LS,2025-11-21T10:30:12.060230
CTVA,2025-11-21T10:30:12.060233
CURY.L,2025-11-21T10:30:12.060237
CVC.AS,2025-11-21T10:30:12.060240
CVS,2025-11-21T10:30:12.060244
CVX,2025-11-21T10:30:12.060247
CWK.L,2025-11-21T10:30:12.060251
CWR.L,2025-11-21T10:30:12.060254
D,2025-11-21T10:30:12.060257
DAE.SW,2025-11-21T10:30:12.060261
DAL,2025-11-21T10:30:12.060264
DANSKE.CO,2025-11-21T10:30:12.060267
DASH,2025-11-21T10:30:12.060271
DAY,2025-11-21T10:30:12.060274
DBG.PA,2025-11-21T10:30:12.060277
DBV.PA,2025-11-21T10:30:12.060280
DCC,2025-11-21T10:30:12.060284
DCC.L,2025-11-21T10:30:12.060287
DD,2025-11-21T10:30:12.060290
DDOG,2025-11-21T10:30:12.060293
DE,2025-11-21T10:30:12.060299
DEC.L,2025-11-21T10:30:12.060302
DECK,2025-11-21T10:30:12.060305
DELL,2025-11-21T10:30:12.060308
DEMANT.CO,2025-11-21T10:30:12.060312
DEME.BR,2025-11-21T10:30:12.060315
DESN.SW,2025-11-21T10:30:12.060318
DFAC,2025-11-21T10:30:12.060322
DFDS.CO,2025-11-21T10:30:12.060325
DG,2025-11-21T10:30:12.060334
DG.PA,2025-11-21T10:30:12.060338
DGE.L,2025-11-21T10:30:12.060341
DGRO,2025-11-21T10:30:12.060344
DGX,2025-11-21T10:30:12.060347
DHER.DE,2025-11-21T10:30:12.060351
DHI,2025-11-21T10:30:12.060354
DHR,2025-11-21T10:30:12.060357
DIA,2025-11-21T10:30:12.060361
DIOS.ST,2025-11-21T10:30:12.060364
DIS,2025-11-21T10:30:12.060367
DKSH.SW,2025-11-21T10:30:12.060372
DLG.MI,2025-11-21T10:30:12.060375
DLN.L,2025-11-21T10:30:12.060378
DLR,2025-11-21T10:30:12.060381
DLTR,2025-11-21T10:30:12.060385
DNB.OL,2025-11-21T10:30:12.060388
DNLM.L,2025-11-21T10:30:12.060391
DNO.OL,2025-11-21T10:30:12.060394
DNORD.CO,2025-11-21T10:30:12.060398
DNP.WA,2025-11-21T10:30:12.060401
DNR.MI,2025-11-21T10:30:12.060404
DOC,2025-11-21T10:30:12.060408
DOCM.SW,2025-11-21T10:30:12.060411
DOCS.L,2025-11-21T10:30:12.060414
DOFG.OL,2025-11-21T10:30:12.060417
DOKA.SW,2025-11-21T10:30:12.060421
DOM.L,2025-11-21T10:30:12.060424
DOV,2025-11-21T10:30:12.060427
DOW,2025-11-21T10:30:12.060430
DPLM.L,2025-11-21T10:30:12.060434
DPZ,2025-11-21T10:30:12.060437
DRI,2025-11-21T10:30:12.060440
DRX.L,2025-11-21T10:30:12.060443
DSCV.L,2025-11-21T10:30:12.060447
DSFIR.AS,2025-11-21T10:30:12.060450
DSV.CO,2025-11-21T10:30:12.060453
DTE,2025-11-21T10:30:12.060456
DUK,2025-11-21T10:30:12.060460
DVA,2025-11-21T10:30:12.060463
DVN,2025-11-21T10:30:12.060466
DWL.L,2025-11-21T10:30:12.060469
DXCM,2025-11-21T10:30:12.060472
DYNF,2025-11-21T10:30:12.060476
DYVOX.ST,2025-11-21T10:30:12.060484
EA,2025-11-21T10:30:12.060488
EBAY,2025-11-21T10:30:12.060491
ECL,2025-11-21T10:30:12.060494
ECMPA.AS,2025-11-21T10:30:12.060498
ED,2025-11-21T10:30:12.060501
EDEN.PA,2025-11-21T10:30:12.060504
EDP.LS,2025-11-21T10:30:12.060507
EDPR.LS,2025-11-21T10:30:12.060511
EFA,2025-11-21T10:30:12.060514
EFGN.SW,2025-11-21T10:30:12.060517
EFV,2025-11-21T10:30:12.060521
EFX,2025-11-21T10:30:12.060524
EG,2025-11-21T10:30:12.060528
EGLA.MI,2025-11-21T10:30:12.060531
EIX,2025-11-21T10:30:12.060534
EKTA-B.ST,2025-11-21T10:30:12.060537
EL,2025-11-21T10:30:12.060541
ELE.MC,2025-11-21T10:30:12.060544
ELI.BR,2025-11-21T10:30:12.060547
ELIOR.PA,2025-11-21T10:30:12.060550
ELIS.PA,2025-11-21T10:30:12.060554
ELISA.HE,2025-11-21T10:30:12.060557
ELK.OL,2025-11-21T10:30:12.060560
ELM.L,2025-11-21T10:30:12.060564
ELUX-B.ST,2025-11-21T10:30:12.060567
ELV,2025-11-21T10:30:12.060570
EMBRAC-B.ST,2025-11-21T10:30:12.060573
EME,2025-11-21T10:30:12.060577
EMEIS.PA,2025-11-21T10:30:12.060580
EMG.L,2025-11-21T10:30:12.060583
EMMN.SW,2025-11-21T10:30:12.060587
EMN,2025-11-21T10:30:12.060590
EMR,2025-11-21T10:30:12.060593
EMSN.SW,2025-11-21T10:30:12.060596
EN.PA,2025-11-21T10:30:12.060599
ENAV.MI,2025-11-21T10:30:12.060603
ENC.MC,2025-11-21T10:30:12.060606
ENEL.MI,2025-11-21T10:30:12.060609
ENGCON-B.ST,2025-11-21T10:30:12.060613
ENI.MI,2025-11-21T10:30:12.060616
ENOG.L,2025-11-21T10:30:12.060620
ENT.L,2025-11-21T10:30:12.060623
ENTRA.OL,2025-11-21T10:30:12.060626
ENX.PA,2025-11-21T10:30:12.060629
EOG,2025-11-21T10:30:12.060633
EPAM,2025-11-21T10:30:12.060636
EPR.OL,2025-11-21T10:30:12.060639
EPRO-B.ST,2025-11-21T10:30:12.060643
EQIX,2025-11-21T10:30:12.060646
EQNR.OL,2025-11-21T10:30:12.060649
EQR,2025-11-21T10:30:12.060653
EQT,2025-11-21T10:30:12.060656
ERG.MI,2025-11-21T10:30:12.060659
ERIC-B.ST,2025-11-21T10:30:12.060662
ERIE,2025-11-21T10:30:12.060666
ES,2025-11-21T10:30:12.060669
ESP.L,2025-11-21T10:30:12.060672
ESS,2025-11-21T10:30:12.060675
ESSITY-B.ST,2025-11-21T10:30:12.060678
ETL.PA,2025-11-21T10:30:12.060682
ETN,2025-11-21T10:30:12.060685
ETR,2025-11-21T10:30:12.060688
EVO.ST,2025-11-21T10:30:12.060691
EVOK.L,2025-11-21T10:30:12.060695
EVRG,2025-11-21T10:30:12.060698
EVT.DE,2025-11-21T10:30:12.060701
EW,2025-11-21T10:30:12.060705
EXA.PA,2025-11-21T10:30:12.060708
EXC,2025-11-21T10:30:12.060711
EXE,2025-11-21T10:30:12.060714
EXENS.PA,2025-11-21T10:30:12.060718
EXPD,2025-11-21T10:30:12.060722
EXPE,2025-11-21T10:30:12.060725
EXPN.L,2025-11-21T10:30:12.060729
EXR,2025-11-21T10:30:12.060732
EZJ.L,2025-11-21T10:30:12.060735
F,2025-11-21T10:30:12.060739
FABG.ST,2025-11-21T10:30:12.060742
FAN.L,2025-11-21T10:30:12.060745
FANG,2025-11-21T10:30:12.060847
FAST,2025-11-21T10:30:12.060858
FBK.MI,2025-11-21T10:30:12.060864
FCT.MI,2025-11-21T10:30:12.060870
FCX,2025-11-21T10:30:12.060877
FDM.L,2025-11-21T10:30:12.060883
FDS,2025-11-21T10:30:12.060888
FDX,2025-11-21T10:30:12.060894
FE,2025-11-21T10:30:12.060900
FER.MC,2025-11-21T10:30:12.060905
FFIV,2025-11-21T10:30:12.060908
FGP.L,2025-11-21T10:30:12.060911
FHZN.SW,2025-11-21T10:30:12.060914
FI,2025-11-21T10:30:12.060918
FICO,2025-11-21T10:30:12.060921
FILA.MI,2025-11-21T10:30:12.060924
FIS,2025-11-21T10:30:12.060928
FITB,2025-11-21T10:30:12.060931
FLOW.AS,2025-11-21T10:30:12.060934
FLS.CO,2025-11-21T10:30:12.060937
FORN.SW,2025-11-21T10:30:12.060940
FORT.L,2025-11-21T10:30:12.060944
FORTUM.HE,2025-11-21T10:30:12.060947
FOUR.L,2025-11-21T10:30:12.060951
FOX,2025-11-21T10:30:12.060954
FOXA,2025-11-21T10:30:12.060958
FR.PA,2025-11-21T10:30:12.060961
FRAS.L,2025-11-21T10:30:12.060964
FRE.DE,2025-11-21T10:30:12.060968
FRES.L,2025-11-21T10:30:12.060971
FRO.OL,2025-11-21T10:30:12.060974
FRT,2025-11-21T10:30:12.060978
FRVIA.PA,2025-11-21T10:30:12.060981
FSLR,2025-11-21T10:30:12.060984
FTNT,2025-11-21T10:30:12.060987
FTV,2025-11-21T10:30:12.060991
FUTR.L,2025-11-21T10:30:12.060994
FXPO.L,2025-11-21T10:30:12.060997
G24.DE,2025-11-21T10:30:12.061000
GALD.SW,2025-11-21T10:30:12.061003
GALE.SW,2025-11-21T10:30:12.061007
GALP.LS,2025-11-21T10:30:12.061010
GAW.L,2025-11-21T10:30:12.061013
GBLB.BR,2025-11-21T10:30:12.061017
GCO.MC,2025-11-21T10:30:12.061020
GD,2025-11-21T10:30:12.061023
GDDY,2025-11-21T10:30:12.061026
GDX,2025-11-21T10:30:12.061029
GE,2025-11-21T10:30:12.061032
GEBN.SW,2025-11-21T10:30:12.061036
GEHC,2025-11-21T10:30:12.061039
GEN,2025-11-21T10:30:12.061042
GENG.L,2025-11-21T10:30:12.061045
GEST.MC,2025-11-21T10:30:12.061049
GETI-B.ST,2025-11-21T10:30:12.061052
GEV,2025-11-21T10:30:12.061055
GF.SW,2025-11-21T10:30:12.061058
GFS,2025-11-21T10:30:12.061062
GILD,2025-11-21T10:30:12.061065
GIS,2025-11-21T10:30:12.061068
GIVN.SW,2025-11-21T10:30:12.061071
GL,2025-11-21T10:30:12.061074
GLD,2025-11-21T10:30:12.061077
GLDM,2025-11-21T10:30:12.061080
GLEN.L,2025-11-21T10:30:12.061084
GLPG.AS,2025-11-21T10:30:12.061088
GLW,2025-11-21T10:30:12.061091
GM,2025-11-21T10:30:12.061094
GMAB.CO,2025-11-21T10:30:12.061097
GN.CO,2025-11-21T10:30:12.061101
GNC.L,2025-11-21T10:30:12.061104
GNRC,2025-11-21T10:30:12.061107
GNS.L,2025-11-21T10:30:12.061110
GOOG,2025-11-21T10:30:12.061114
GOOGL,2025-11-21T10:30:12.061117
GOVT,2025-11-21T10:30:12.061120
GPC,2025-11-21T10:30:12.061123
GPN,2025-11-21T10:30:12.061128
GRG.L,2025-11-21T10:30:12.061131
GRI.L,2025-11-21T10:30:12.061134
GRMN,2025-11-21T10:30:12.061137
GROW.L,2025-11-21T10:30:12.061141
GS,2025-11-21T10:30:12.061144
GSK,2025-11-21T10:30:12.061147
GSK.L,2025-11-21T10:30:12.061150
GTT.PA,2025-11-21T10:30:12.061153
GUBRA.CO,2025-11-21T10:30:12.061157
GWW,2025-11-21T10:30:12.061160
GYC.DE,2025-11-21T10:30:12.061163
HAFNI.OL,2025-11-21T10:30:12.061167
HAL,2025-11-21T10:30:12.061170
HAS,2025-11-21T10:30:12.061173
HAUTO.OL,2025-11-21T10:30:12.061176
HAVAS.AS,2025-11-21T10:30:12.061180
HBAN,2025-11-21T10:30:12.061184
HBH.DE,2025-11-21T10:30:12.061187
HBR.L,2025-11-21T10:30:12.061190
HCA,2025-11-21T10:30:12.061193
HD,2025-11-21T10:30:12.061197
HEBA-B.ST,2025-11-21T10:30:12.061200
HEIA.AS,2025-11-21T10:30:12.061203
HEIO.AS,2025-11-21T10:30:12.061206
HELN.SW,2025-11-21T10:30:12.061210
HEM.ST,2025-11-21T10:30:12.061213
HEX.OL,2025-11-21T10:30:12.061216
HEXA-B.ST,2025-11-21T10:30:12.061219
HFD.L,2025-11-21T10:30:12.061223
HFG.L,2025-11-21T10:30:12.061226
HIG,2025-11-21T10:30:12.061229
HII,2025-11-21T10:30:12.061234
HIK.L,2025-11-21T10:30:12.061237
HILS.L,2025-11-21T10:30:12.061240
HLAG.DE,2025-11-21T10:30:12.061244
HLE.DE,2025-11-21T10:30:12.061247
HLMA.L,2025-11-21T10:30:12.061250
HLN.L,2025-11-21T10:30:12.061253
HLT,2025-11-21T10:30:12.061257
HM-B.ST,2025-11-21T10:30:12.061260
HMSO.L,2025-11-21T10:30:12.061263
HOFI.ST,2025-11-21T10:30:12.061266
HOLM-B.ST,2025-11-21T10:30:12.061270
HOLN.SW,2025-11-21T10:30:12.061273
HOLX,2025-11-21T10:30:12.061276
HOME.MC,2025-11-21T10:30:12.061279
HON,2025-11-21T10:30:12.061282
HOOD,2025-11-21T10:30:12.061286
HPE,2025-11-21T10:30:12.061289
HPOL-B.ST,2025-11-21T10:30:12.061292
HPQ,2025-11-21T10:30:12.061295
HRL,2025-11-21T10:30:12.061299
HSBA.L,2025-11-21T10:30:12.061302
HSIC,2025-11-21T10:30:12.061305
HST,2025-11-21T10:30:12.061309
HSX.L,2025-11-21T10:30:12.061312
HSY,2025-11-21T10:30:12.061315
HTG.L,2025-11-21T10:30:12.061318
HTRO.ST,2025-11-21T10:30:12.061321
HTWS.L,2025-11-21T10:30:12.061324
HUBB,2025-11-21T10:30:12.061328
HUBN.SW,2025-11-21T10:30:12.061331
HUFV-A.ST,2025-11-21T10:30:12.061334
HUH1V.HE,2025-11-21T10:30:12.061337
HUM,2025-11-21T10:30:12.061341
HUSQ-B.ST,2025-11-21T10:30:12.061344
HWDN.L,2025-11-21T10:30:12.061347
HWM,2025-11-21T10:30:12.061350
IAG,2025-11-21T10:30:12.061353
IAU,2025-11-21T10:30:12.061357
IBE.MC,2025-11-21T10:30:12.061360
IBIT,2025-11-21T10:30:12.061363
IBKR,2025-11-21T10:30:12.061366
IBM,2025-11-21T10:30:12.061370
IBST.L,2025-11-21T10:30:12.061373
ICAD.PA,2025-11-21T10:30:12.061376
ICE,2025-11-21T10:30:12.061379
IDEV,2025-11-21T10:30:12.061383
IDIA.SW,2025-11-21T10:30:12.061386
IDR.MC,2025-11-21T10:30:12.061389
IDXX,2025-11-21T10:30:12.061392
IEF,2025-11-21T10:30:12.061395
IEFA,2025-11-21T10:30:12.061398
IEMG,2025-11-21T10:30:12.061402
IEX,2025-11-21T10:30:12.061405
IF.MI,2025-11-21T10:30:12.061408
IFCN.SW,2025-11-21T10:30:12.061411
IFF,2025-11-21T10:30:12.061414
IG.MI,2025-11-21T10:30:12.061418
IGG.L,2025-11-21T10:30:12.061421
IHG.L,2025-11-21T10:30:12.061424
III.L,2025-11-21T10:30:12.061427
IJH,2025-11-21T10:30:12.061430
IJR,2025-11-21T10:30:12.061433
IMB.L,2025-11-21T10:30:12.061436
IMCD.AS,2025-11-21T10:30:12.061440
IMI.L,2025-11-21T10:30:12.061444
IMPN.SW,2025-11-21T10:30:12.061447
INCH.L,2025-11-21T10:30:12.061450
INCY,2025-11-21T10:30:12.061453
INDT.ST,2025-11-21T10:30:12.061457
INDU-C.ST,2025-11-21T10:30:12.061460
INF.L,2025-11-21T10:30:12.061463
INGA.AS,2025-11-21T10:30:12.061466
INPST.AS,2025-11-21T10:30:12.061470
INRN.SW,2025-11-21T10:30:12.061473
INSTAL.ST,2025-11-21T10:30:12.061476
INTC,2025-11-21T10:30:12.061479
INTRUM.ST,2025-11-21T10:30:12.061483
INTU,2025-11-21T10:30:12.061486
INVE-B.ST,2025-11-21T10:30:12.061489
INVH,2025-11-21T10:30:12.061493
INVP.L,2025-11-21T10:30:12.061496
INWI.ST,2025-11-21T10:30:12.061499
IP,2025-11-21T10:30:12.061502
IPCO.ST,2025-11-21T10:30:12.061505
IPG,2025-11-21T10:30:12.061509
IPN.PA,2025-11-21T10:30:12.061512
IPO.L,2025-11-21T10:30:12.061515
IQV,2025-11-21T10:30:12.061518
IR,2025-11-21T10:30:12.061521
IRM,2025-11-21T10:30:12.061525
ISP.MI,2025-11-21T10:30:12.061528
ISRG,2025-11-21T10:30:12.061531
ISS.CO,2025-11-21T10:30:12.061534
IT,2025-11-21T10:30:12.061538
ITOT,2025-11-21T10:30:12.061541
ITRK.L,2025-11-21T10:30:12.061544
ITV,2025-11-21T10:30:12.061548
ITV.L,2025-11-21T10:30:12.061551
ITW,2025-11-21T10:30:12.061555
ITX.MC,2025-11-21T10:30:12.061558
IUSB,2025-11-21T10:30:12.061561
IUSG,2025-11-21T10:30:12.061564
IUSV,2025-11-21T10:30:12.061567
IVE,2025-11-21T10:30:12.061570
IVG.MI,2025-11-21T10:30:12.061574
IVSO.ST,2025-11-21T10:30:12.061577
IVV,2025-11-21T10:30:12.061580
IVW,2025-11-21T10:30:12.061583
IVZ,2025-11-21T10:30:12.061587
IWB,2025-11-21T10:30:12.061590
IWD,2025-11-21T10:30:12.061593
IWF,2025-11-21T10:30:12.061596
IWG.L,2025-11-21T10:30:12.061600
IWM,2025-11-21T10:30:12.061603
IWR,2025-11-21T10:30:12.061606
IXUS,2025-11-21T10:30:12.061610
J,2025-11-21T10:30:12.061613
JAAA,2025-11-21T10:30:12.061616
JBHT,2025-11-21T10:30:12.061619
JBL,2025-11-21T10:30:12.061623
JCI,2025-11-21T10:30:12.061626
JD.L,2025-11-21T10:30:12.061629
JDEP.AS,2025-11-21T10:30:12.061633
JDW.L,2025-11-21T10:30:12.061637
JEPI,2025-11-21T10:30:12.061640
JEPQ,2025-11-21T10:30:12.061644
JFN.SW,2025-11-21T10:30:12.061647
JKHY,2025-11-21T10:30:12.061650
JM.ST,2025-11-21T10:30:12.061653
JMAT.L,2025-11-21T10:30:12.061657
JMT.LS,2025-11-21T10:30:12.061660
JNJ,2025-11-21T10:30:12.061663
JPM,2025-11-21T10:30:12.061749
JPST,2025-11-21T10:30:12.061759
JSW.WA,2025-11-21T10:30:12.061765
JTC.L,2025-11-21T10:30:12.061771
JUP.L,2025-11-21T10:30:12.061778
JUVE.MI,2025-11-21T10:30:12.061784
JYSK.CO,2025-11-21T10:30:12.061790
K,2025-11-21T10:30:12.061796
KALMAR.HE,2025-11-21T10:30:12.061801
KAR.ST,2025-11-21T10:30:12.061805
KARN.SW,2025-11-21T10:30:12.061808
KBC.BR,2025-11-21T10:30:12.061811
KBCA.BR,2025-11-21T10:30:12.061815
KBX.DE,2025-11-21T10:30:12.061818
KDP,2025-11-21T10:30:12.061821
KEMIRA.HE,2025-11-21T10:30:12.061824
KEMPOWR.HE,2025-11-21T10:30:12.061828
KER.PA,2025-11-21T10:30:12.061831
KESKOB.HE,2025-11-21T10:30:12.061835
KEY,2025-11-21T10:30:12.061838
KEYS,2025-11-21T10:30:12.061841
KGF.L,2025-11-21T10:30:12.061844
KGH.WA,2025-11-21T10:30:12.061872
KGX.DE,2025-11-21T10:30:12.061901
KHC,2025-11-21T10:30:12.061911
KIE.L,2025-11-21T10:30:12.061918
KIM,2025-11-21T10:30:12.061924
KINV-B.ST,2025-11-21T10:30:12.061930
KIT.OL,2025-11-21T10:30:12.061936
KKR,2025-11-21T10:30:12.061942
KLAC,2025-11-21T10:30:12.061948
KLR.L,2025-11-21T10:30:12.061954
KMB,2025-11-21T10:30:12.061958
KMI,2025-11-21T10:30:12.061962
KNIN.SW,2025-11-21T10:30:12.061966
KNOS.L,2025-11-21T10:30:12.061969
KO,2025-11-21T10:30:12.061972
KOG.OL,2025-11-21T10:30:12.061976
KOJAMO.HE,2025-11-21T10:30:12.061979
KPN.AS,2025-11-21T10:30:12.061982
KR,2025-11-21T10:30:12.061986
KRU.WA,2025-11-21T10:30:12.061989
KTN.DE,2025-11-21T10:30:12.061993
KTY.WA,2025-11-21T10:30:12.062015
KURN.SW,2025-11-21T10:30:12.062024
KVUE,2025-11-21T10:30:12.062027
L,2025-11-21T10:30:12.062031
L'OREAL,2025-11-21T10:30:12.062034
LAGR-B.ST,2025-11-21T10:30:12.062052
LAND.L,2025-11-21T10:30:12.062056
LATO-B.ST,2025-11-21T10:30:12.062059
LBW.WA,2025-11-21T10:30:12.062062
LDO.MI,2025-11-21T10:30:12.062066
LDOS,2025-11-21T10:30:12.062069
LEHN.SW,2025-11-21T10:30:12.062072
LEN,2025-11-21T10:30:12.062076
LGEN.L,2025-11-21T10:30:12.062079
LH,2025-11-21T10:30:12.062082
LHX,2025-11-21T10:30:12.062085
LIAB.ST,2025-11-21T10:30:12.062088
LIFCO-B.ST,2025-11-21T10:30:12.062092
LIGHT.AS,2025-11-21T10:30:12.062095
LII,2025-11-21T10:30:12.062098
LIN,2025-11-21T10:30:12.062102
LINK.OL,2025-11-21T10:30:12.062105
LIO.L,2025-11-21T10:30:12.062110
LKQ,2025-11-21T10:30:12.062113
LLOY.L,2025-11-21T10:30:12.062116
LLY,2025-11-21T10:30:12.062120
LMT,2025-11-21T10:30:12.062123
LNT,2025-11-21T10:30:12.062162
LOG.MC,2025-11-21T10:30:12.062166
LOGI-B.ST,2025-11-21T10:30:12.062169
LOGN.SW,2025-11-21T10:30:12.062173
LONN.SW,2025-11-21T10:30:12.062176
LOOMIS.ST,2025-11-21T10:30:12.062180
LOTB.BR,2025-11-21T10:30:12.062183
LOW,2025-11-21T10:30:12.062190
LPP,2025-11-21T10:30:12.062193
LQD,2025-11-21T10:30:12.062196
LR.PA,2025-11-21T10:30:12.062200
LRCX,2025-11-21T10:30:12.062203
LRE.L,2025-11-21T10:30:12.062206
LSEG.L,2025-11-21T10:30:12.062209
LSG.OL,2025-11-21T10:30:12.062213
LTMC.MI,2025-11-21T10:30:12.062216
LULU,2025-11-21T10:30:12.062220
LUND-B.ST,2025-11-21T10:30:12.062223
LUV,2025-11-21T10:30:12.062226
LVS,2025-11-21T10:30:12.062229
LW,2025-11-21T10:30:12.062233
LYB,2025-11-21T10:30:12.062236
LYV,2025-11-21T10:30:12.062239
MA,2025-11-21T10:30:12.062243
MAA,2025-11-21T10:30:12.062247
MAB.L,2025-11-21T10:30:12.062250
MANTA.HE,2025-11-21T10:30:12.062253
MAP.MC,2025-11-21T10:30:12.062257
MAR,2025-11-21T10:30:12.062260
MARR.MI,2025-11-21T10:30:12.062263
MAS,2025-11-21T10:30:12.062266
MATAS.CO,2025-11-21T10:30:12.062270
MBB,2025-11-21T10:30:12.062273
MBK.WA,2025-11-21T10:30:12.062276
MCAP.ST,2025-11-21T10:30:12.062280
MCD,2025-11-21T10:30:12.062283
MCG.L,2025-11-21T10:30:12.062286
MCHP,2025-11-21T10:30:12.062290
MCK,2025-11-21T10:30:12.062293
MCO,2025-11-21T10:30:12.062298
MCOV-B.ST,2025-11-21T10:30:12.062301
MDLZ,2025-11-21T10:30:12.062305
MDT,2025-11-21T10:30:12.062308
MDY,2025-11-21T10:30:12.062311
MEKO.ST,2025-11-21T10:30:12.062315
MEL.MC,2025-11-21T10:30:12.062318
MELI,2025-11-21T10:30:12.062321
MERY.PA,2025-11-21T10:30:12.062324
MET,2025-11-21T10:30:12.062328
META,2025-11-21T10:30:12.062331
METSB.HE,2025-11-21T10:30:12.062334
METSO.HE,2025-11-21T10:30:12.062338
MFEA.MI,2025-11-21T10:30:12.062341
MGK,2025-11-21T10:30:12.062344
MGM,2025-11-21T10:30:12.062347
MGNS.L,2025-11-21T10:30:12.062351
MHK,2025-11-21T10:30:12.062354
MILDEF.ST,2025-11-21T10:30:12.062357
MING.OL,2025-11-21T10:30:12.062361
MIPS.ST,2025-11-21T10:30:12.062365
MKC,2025-11-21T10:30:12.062368
MKS.L,2025-11-21T10:30:12.062372
MLM,2025-11-21T10:30:12.062375
MMC,2025-11-21T10:30:12.062378
MMGR-B.ST,2025-11-21T10:30:12.062381
MMM,2025-11-21T10:30:12.062384
MNDI.L,2025-11-21T10:30:12.062387
MNG.L,2025-11-21T10:30:12.062391
MNST,2025-11-21T10:30:12.062394
MO,2025-11-21T10:30:12.062397
MOBN.SW,2025-11-21T10:30:12.062400
MOH,2025-11-21T10:30:12.062404
MOL.MI,2025-11-21T10:30:12.062407
MONC.MI,2025-11-21T10:30:12.062410
MONY.L,2025-11-21T10:30:12.062413
MOS,2025-11-21T10:30:12.062417
MOVE.SW,2025-11-21T10:30:12.062420
MOWI.OL,2025-11-21T10:30:12.062423
MPC,2025-11-21T10:30:12.062427
MPCC.OL,2025-11-21T10:30:12.062430
MPWR,2025-11-21T10:30:12.062433
MRK,2025-11-21T10:30:12.062437
MRL.MC,2025-11-21T10:30:12.062440
MRNA,2025-11-21T10:30:12.062443
MRVL,2025-11-21T10:30:12.062446
MS,2025-11-21T10:30:12.062449
MSCI,2025-11-21T10:30:12.062453
MSFT,2025-11-21T10:30:12.062456
MSI,2025-11-21T10:30:12.062459
MSLH.L,2025-11-21T10:30:12.062462
MSTR,2025-11-21T10:30:12.062465
MT.AS,2025-11-21T10:30:12.062469
MTB,2025-11-21T10:30:12.062472
MTCH,2025-11-21T10:30:12.062475
MTD,2025-11-21T10:30:12.062478
MTG-B.ST,2025-11-21T10:30:12.062481
MTO.L,2025-11-21T10:30:12.062485
MTRS.ST,2025-11-21T10:30:12.062488
MU,2025-11-21T10:30:12.062491
MUB,2025-11-21T10:30:12.062494
MYCR.ST,2025-11-21T10:30:12.062498
N91.L,2025-11-21T10:30:12.062501
NAS.OL,2025-11-21T10:30:12.062504
NCAB.ST,2025-11-21T10:30:12.062508
NCC-B.ST,2025-11-21T10:30:12.062511
NCH2.DE,2025-11-21T10:30:12.062515
NCLH,2025-11-21T10:30:12.062518
NDA.DE,2025-11-21T10:30:12.062521
NDAQ,2025-11-21T10:30:12.062524
NDSN,2025-11-21T10:30:12.062528
NEE,2025-11-21T10:30:12.062531
NEL,2025-11-21T10:30:12.062534
NEL.OL,2025-11-21T10:30:12.062537
NEM,2025-11-21T10:30:12.062541
NEM.DE,2025-11-21T10:30:12.062544
NESN.SW,2025-11-21T10:30:12.062547
NESTE.HE,2025-11-21T10:30:12.062551
NEWA-B.ST,2025-11-21T10:30:12.062554
NEXT,2025-11-21T10:30:12.062557
NFLX,2025-11-21T10:30:12.062561
NG.L,2025-11-21T10:30:12.062564
NHY.OL,2025-11-21T10:30:12.062567
NI,2025-11-21T10:30:12.062571
NIBE-B.ST,2025-11-21T10:30:12.062574
NKE,2025-11-21T10:30:12.062577
NKT.CO,2025-11-21T10:30:12.062581
NN.AS,2025-11-21T10:30:12.062584
NOC,2025-11-21T10:30:12.062587
NOD.OL,2025-11-21T10:30:12.062590
NOKIA.HE,2025-11-21T10:30:12.062594
NOLA-B.ST,2025-11-21T10:30:12.062597
NONG.OL,2025-11-21T10:30:12.062601
NORBT.OL,2025-11-21T10:30:12.062604
NOS.LS,2025-11-21T10:30:12.062607
NOVN.SW,2025-11-21T10:30:12.062611
NOW,2025-11-21T10:30:12.062614
NP3.ST,2025-11-21T10:30:12.062618
NRG,2025-11-21T10:30:12.062621
NSC,2025-11-21T10:30:12.062625
NTAP,2025-11-21T10:30:12.062628
NTGY.MC,2025-11-21T10:30:12.062631
NTRS,2025-11-21T10:30:12.062635
NUE,2025-11-21T10:30:12.062638
NVDA,2025-11-21T10:30:12.062642
NVR,2025-11-21T10:30:12.062645
NWG.L,2025-11-21T10:30:12.062649
NWS,2025-11-21T10:30:12.062652
NWSA,2025-11-21T10:30:12.062655
NXPI,2025-11-21T10:30:12.062659
NXT.L,2025-11-21T10:30:12.062662
NYF.ST,2025-11-21T10:30:12.062665
O,2025-11-21T10:30:12.062669
OCDO.L,2025-11-21T10:30:12.062672
OCI.AS,2025-11-21T10:30:12.062675
ODFL,2025-11-21T10:30:12.062679
OEF,2025-11-21T10:30:12.062682
OEM-B.ST,2025-11-21T10:30:12.062685
OERL.SW,2025-11-21T10:30:12.062688
OET.OL,2025-11-21T10:30:12.062692
OHLA.MC,2025-11-21T10:30:12.062695
OKE,2025-11-21T10:30:12.062698
OMC,2025-11-21T10:30:12.062702
OMV.VI,2025-11-21T10:30:12.062705
ON,2025-11-21T10:30:12.062710
ONCO.ST,2025-11-21T10:30:12.062713
ONT.L,2025-11-21T10:30:12.062717
ONTEX.BR,2025-11-21T10:30:12.062720
OPL.WA,2025-11-21T10:30:12.062724
OPM.PA,2025-11-21T10:30:12.062727
OR.PA,2025-11-21T10:30:12.062730
ORA.PA,2025-11-21T10:30:12.062838
ORCL,2025-11-21T10:30:12.062849
ORK.OL,2025-11-21T10:30:12.062855
ORLY,2025-11-21T10:30:12.062862
ORNBV.HE,2025-11-21T10:30:12.062867
ORSTED.CO,2025-11-21T10:30:12.062873
OTB.L,2025-11-21T10:30:12.062879
OTIS,2025-11-21T10:30:12.062884
OUT1V.HE,2025-11-21T10:30:12.062887
OVH.PA,2025-11-21T10:30:12.062891
OVS.MI,2025-11-21T10:30:12.062894
OVZON.ST,2025-11-21T10:30:12.062897
OXIG.L,2025-11-21T10:30:12.062900
OXY,2025-11-21T10:30:12.062904
PAGE.L,2025-11-21T10:30:12.062907
PANW,2025-11-21T10:30:12.062910
PAYC,2025-11-21T10:30:12.062914
PAYX,2025-11-21T10:30:12.062917
PCAR,2025-11-21T10:30:12.062920
PCG,2025-11-21T10:30:12.062923
PCTN.L,2025-11-21T10:30:12.062927
PDD,2025-11-21T10:30:12.062930
PEAB-B.ST,2025-11-21T10:30:12.062933
PEG,2025-11-21T10:30:12.062936
PEO.WA,2025-11-21T10:30:12.062939
PEP,2025-11-21T10:30:12.062943
PFD.L,2025-11-21T10:30:12.062946
PFE,2025-11-21T10:30:12.062950
PFG,2025-11-21T10:30:12.062953
PG,2025-11-21T10:30:12.062956
PGE.WA,2025-11-21T10:30:12.062959
PGHN.SW,2025-11-21T10:30:12.062962
PGR,2025-11-21T10:30:12.062966
PH,2025-11-21T10:30:12.062969
PHIA.AS,2025-11-21T10:30:12.062972
PHM,2025-11-21T10:30:12.062976
PHNX.L,2025-11-21T10:30:12.062979
PHP.L,2025-11-21T10:30:12.062982
PIA.MI,2025-11-21T10:30:12.062986
PINE.L,2025-11-21T10:30:12.062989
PIRC.MI,2025-11-21T10:30:12.062992
PKG,2025-11-21T10:30:12.062996
PKN.WA,2025-11-21T10:30:12.062999
PKO.WA,2025-11-21T10:30:12.063002
PLAZ-B.ST,2025-11-21T10:30:12.063006
PLD,2025-11-21T10:30:12.063009
PLTR,2025-11-21T10:30:12.063013
PLX.PA,2025-11-21T10:30:12.063016
PM,2025-11-21T10:30:12.063019
PNC,2025-11-21T10:30:12.063022
PNDORA.CO,2025-11-21T10:30:12.063026
PNN.L,2025-11-21T10:30:12.063029
PNR,2025-11-21T10:30:12.063033
PNW,2025-11-21T10:30:12.063037
PODD,2025-11-21T10:30:12.063040
POOL,2025-11-21T10:30:12.063043
PPG,2025-11-21T10:30:12.063046
PPL,2025-11-21T10:30:12.063050
PROT.OL,2025-11-21T10:30:12.063053
PROX.BR,2025-11-21T10:30:12.063056
PRT.MI,2025-11-21T10:30:12.063060
PRU,2025-11-21T10:30:12.063063
PRU.L,2025-11-21T10:30:12.063066
PRX.AS,2025-11-21T10:30:12.063069
PRY.MI,2025-11-21T10:30:12.063072
PSA,2025-11-21T10:30:12.063077
PSKY,2025-11-21T10:30:12.063080
PSN.L,2025-11-21T10:30:12.063084
PSON.L,2025-11-21T10:30:12.063087
PSPN.SW,2025-11-21T10:30:12.063090
PST.MI,2025-11-21T10:30:12.063094
PSX,2025-11-21T10:30:12.063097
PTC,2025-11-21T10:30:12.063100
PTEC.L,2025-11-21T10:30:12.063104
PUB.PA,2025-11-21T10:30:12.063107
PUUILO.HE,2025-11-21T10:30:12.063110
PWR,2025-11-21T10:30:12.063114
PYPL,2025-11-21T10:30:12.063119
PZU.WA,2025-11-21T10:30:12.063122
QCOM,2025-11-21T10:30:12.063125
QIA.DE,2025-11-21T10:30:12.063129
QLT.L,2025-11-21T10:30:12.063132
QQ.L,2025-11-21T10:30:12.063135
QQQ,2025-11-21T10:30:12.063138
QQQM,2025-11-21T10:30:12.063142
QTCOM.HE,2025-11-21T10:30:12.063145
QUAL,2025-11-21T10:30:12.063148
R3NK.DE,2025-11-21T10:30:12.063151
RACE.MI,2025-11-21T10:30:12.063155
RAND.AS,2025-11-21T10:30:12.063158
RAT.L,2025-11-21T10:30:12.063162
RATO-B.ST,2025-11-21T10:30:12.063165
RAY-B.ST,2025-11-21T10:30:12.063168
RBREW.CO,2025-11-21T10:30:12.063173
RBW.WA,2025-11-21T10:30:12.063176
RCL,2025-11-21T10:30:12.063180
RDC.DE,2025-11-21T10:30:12.063183
REG,2025-11-21T10:30:12.063186
REGN,2025-11-21T10:30:12.063190
REL.L,2025-11-21T10:30:12.063193
RENE.LS,2025-11-21T10:30:12.063197
REP.MC,2025-11-21T10:30:12.063200
REY.MI,2025-11-21T10:30:12.063203
RF,2025-11-21T10:30:12.063206
RILBA.CO,2025-11-21T10:30:12.063210
RIO.L,2025-11-21T10:30:12.063213
RJF,2025-11-21T10:30:12.063216
RKT.L,2025-11-21T10:30:12.063220
RL,2025-11-21T10:30:12.063223
RMD,2025-11-21T10:30:12.063229
RMV.L,2025-11-21T10:30:12.063232
ROG.SW,2025-11-21T10:30:12.063235
ROK,2025-11-21T10:30:12.063239
ROL,2025-11-21T10:30:12.063242
ROO.L,2025-11-21T10:30:12.063245
ROP,2025-11-21T10:30:12.063249
ROR.L,2025-11-21T10:30:12.063252
ROST,2025-11-21T10:30:12.063255
ROVI.MC,2025-11-21T10:30:12.063258
RPI.L,2025-11-21T10:30:12.063262
RR.L,2025-11-21T10:30:12.063265
RRTL.DE,2025-11-21T10:30:12.063268
RSG,2025-11-21T10:30:12.063272
RSGN.SW,2025-11-21T10:30:12.063275
RSP,2025-11-21T10:30:12.063278
RSW.L,2025-11-21T10:30:12.063281
RTO.L,2025-11-21T10:30:12.063285
RTX,2025-11-21T10:30:12.063288
RUSTA.ST,2025-11-21T10:30:12.063291
RVTY,2025-11-21T10:30:12.063295
RWAY.MI,2025-11-21T10:30:12.063299
RWE,2025-11-21T10:30:12.063302
RXL.PA,2025-11-21T10:30:12.063305
SAAB-B.ST,2025-11-21T10:30:12.063308
SAF.PA,2025-11-21T10:30:12.063312
SAFE.L,2025-11-21T10:30:12.063315
SAGA-B.ST,2025-11-21T10:30:12.063318
SALM.OL,2025-11-21T10:30:12.063322
SAMPO.HE,2025-11-21T10:30:12.063325
SAN.MC,2025-11-21T10:30:12.063329
SAN.PA,2025-11-21T10:30:12.063332
SAND.ST,2025-11-21T10:30:12.063336
SAP.DE,2025-11-21T10:30:12.063339
SAVE.ST,2025-11-21T10:30:12.063343
SB1NO.OL,2025-11-21T10:30:12.063346
SBAC,2025-11-21T10:30:12.063350
SBB-B.ST,2025-11-21T10:30:12.063353
SBMO.AS,2025-11-21T10:30:12.063356
SBRY.L,2025-11-21T10:30:12.063359
SBUX,2025-11-21T10:30:12.063363
SCA-B.ST,2025-11-21T10:30:12.063366
SCATC.OL,2025-11-21T10:30:12.063369
SCHB,2025-11-21T10:30:12.063373
SCHD,2025-11-21T10:30:12.063376
SCHF,2025-11-21T10:30:12.063379
SCHG,2025-11-21T10:30:12.063383
SCHO.CO,2025-11-21T10:30:12.063386
SCHP.SW,2025-11-21T10:30:12.063389
SCHW,2025-11-21T10:30:12.063393
SCHX,2025-11-21T10:30:12.063396
SCMN.SW,2025-11-21T10:30:12.063399
SCOR,2025-11-21T10:30:12.063403
SCYR.MC,2025-11-21T10:30:12.063406
SDIP-B.ST,2025-11-21T10:30:12.063409
SDR.L,2025-11-21T10:30:12.063412
SDZ.SW,2025-11-21T10:30:12.063416
SEB,2025-11-21T10:30:12.063419
SEB-A.ST,2025-11-21T10:30:12.063422
SECT-B.ST,2025-11-21T10:30:12.063425
SECU-B.ST,2025-11-21T10:30:12.063429
SES,2025-11-21T10:30:12.063432
SES.MI,2025-11-21T10:30:12.063435
SF.ST,2025-11-21T10:30:12.063438
SFER.MI,2025-11-21T10:30:12.063442
SFQ.DE,2025-11-21T10:30:12.063445
SFSN.SW,2025-11-21T10:30:12.063449
SFZN.SW,2025-11-21T10:30:12.063452
SGE.L,2025-11-21T10:30:12.063455
SGKN.SW,2025-11-21T10:30:12.063459
SGO.PA,2025-11-21T10:30:12.063462
SGOV,2025-11-21T10:30:12.063465
SGRO.L,2025-11-21T10:30:12.063469
SGSN.SW,2025-11-21T10:30:12.063472
SHB-A.ST,2025-11-21T10:30:12.063475
SHEL.L,2025-11-21T10:30:12.063479
SHOP,2025-11-21T10:30:12.063482
SHOT.ST,2025-11-21T10:30:12.063485
SHUR.BR,2025-11-21T10:30:12.063488
SHW,2025-11-21T10:30:12.063492
SHY,2025-11-21T10:30:12.063495
SIE.DE,2025-11-21T10:30:12.063498
SIKA.SW,2025-11-21T10:30:12.063501
SINCH.ST,2025-11-21T10:30:12.063504
SJM,2025-11-21T10:30:12.063508
SKA-B.ST,2025-11-21T10:30:12.063511
SKAN.SW,2025-11-21T10:30:12.063514
SKF-B.ST,2025-11-21T10:30:12.063517
SKIS-B.ST,2025-11-21T10:30:12.063521
SLB,2025-11-21T10:30:12.063524
SLHN.SW,2025-11-21T10:30:12.063527
SLV,2025-11-21T10:30:12.063531
SMCI,2025-11-21T10:30:12.063534
SMH,2025-11-21T10:30:12.063538
SMIN.L,2025-11-21T10:30:12.063541
SMWH.L,2025-11-21T10:30:12.063544
SN.L,2025-11-21T10:30:12.063548
SNA,2025-11-21T10:30:12.063551
SNI.OL,2025-11-21T10:30:12.063554
SNPS,2025-11-21T10:30:12.063558
SNR.L,2025-11-21T10:30:12.063561
SO,2025-11-21T10:30:12.063564
SOBI.ST,2025-11-21T10:30:12.063567
SOF.BR,2025-11-21T10:30:12.063571
SOLB.BR,2025-11-21T10:30:12.063574
SOLV,2025-11-21T10:30:12.063577
SOON.SW,2025-11-21T10:30:12.063580
SPDW,2025-11-21T10:30:12.063584
SPG,2025-11-21T10:30:12.063587
SPGI,2025-11-21T10:30:12.063591
SPI.L,2025-11-21T10:30:12.063594
SPIE.PA,2025-11-21T10:30:12.063597
SPLG,2025-11-21T10:30:12.063601
SPSN.SW,2025-11-21T10:30:12.063604
SPT.L,2025-11-21T10:30:12.063607
SPX.L,2025-11-21T10:30:12.063611
SPY,2025-11-21T10:30:12.063614
SPYG,2025-11-21T10:30:12.063617
SPYV,2025-11-21T10:30:12.063620
SQN.SW,2025-11-21T10:30:12.063624
SRAIL.SW,2025-11-21T10:30:12.063627
SRE,2025-11-21T10:30:12.063630
SRG.MI,2025-11-21T10:30:12.063633
SRP.L,2025-11-21T10:30:12.063637
SSAB-B.ST,2025-11-21T10:30:12.063641
SSE.L,2025-11-21T10:30:12.063645
SSPG.L,2025-11-21T10:30:12.063648
STAN.L,2025-11-21T10:30:12.063651
STB.OL,2025-11-21T10:30:12.063654
STE,2025-11-21T10:30:12.063657
STERV.HE,2025-11-21T10:30:12.063737
STLAM.MI,2025-11-21T10:30:12.063747
STLD,2025-11-21T10:30:12.063753
STMMI.MI,2025-11-21T10:30:12.063759
STMN.SW,2025-11-21T10:30:12.063765
STOR-B.ST,2025-11-21T10:30:12.063772
STT,2025-11-21T10:30:12.063862
STX,2025-11-21T10:30:12.063871
STZ,2025-11-21T10:30:12.063876
SUBC.OL,2025-11-21T10:30:12.063882
SUN.SW,2025-11-21T10:30:12.063887
SUNN.SW,2025-11-21T10:30:12.064007
SVS.L,2025-11-21T10:30:12.064013
SVT.L,2025-11-21T10:30:12.064016
SW,2025-11-21T10:30:12.064019
SW.PA,2025-11-21T10:30:12.064023
SWEC-B.ST,2025-11-21T10:30:12.064026
SWED-A.ST,2025-11-21T10:30:12.064030
SWK,2025-11-21T10:30:12.064033
SWKS,2025-11-21T10:30:12.064036
SWON.SW,2025-11-21T10:30:12.064040
SXS.L,2025-11-21T10:30:12.064043
SYDB.CO,2025-11-21T10:30:12.064046
SYENS.BR,2025-11-21T10:30:12.064050
SYF,2025-11-21T10:30:12.064053
SYK,2025-11-21T10:30:12.064057
SYNSAM.ST,2025-11-21T10:30:12.064060
SYY,2025-11-21T10:30:12.064063
T,2025-11-21T10:30:12.064067
TAP,2025-11-21T10:30:12.064070
TATE.L,2025-11-21T10:30:12.064073
TBCG.L,2025-11-21T10:30:12.064077
TDG,2025-11-21T10:30:12.064080
TDY,2025-11-21T10:30:12.064083
TE.PA,2025-11-21T10:30:12.064086
TEAM,2025-11-21T10:30:12.064090
TECH,2025-11-21T10:30:12.064093
TECN.SW,2025-11-21T10:30:12.064096
TEF.MC,2025-11-21T10:30:12.064099
TEL,2025-11-21T10:30:12.064103
TEL.OL,2025-11-21T10:30:12.064106
TELIA.ST,2025-11-21T10:30:12.064109
TEN.MI,2025-11-21T10:30:12.064113
TEP.L,2025-11-21T10:30:12.064116
TEP.PA,2025-11-21T10:30:12.064119
TER,2025-11-21T10:30:12.064123
TET.L,2025-11-21T10:30:12.064126
TFC,2025-11-21T10:30:12.064129
TGS.OL,2025-11-21T10:30:12.064132
TGT,2025-11-21T10:30:12.064135
TGYM.MI,2025-11-21T10:30:12.064139
THG.L,2025-11-21T10:30:12.064142
THULE.ST,2025-11-21T10:30:12.064145
TIETO.HE,2025-11-21T10:30:12.064149
TIP.MI,2025-11-21T10:30:12.064152
TJX,2025-11-21T10:30:12.064156
TKO,2025-11-21T10:30:12.064159
TKWY.AS,2025-11-21T10:30:12.064162
TLT,2025-11-21T10:30:12.064165
TLW.L,2025-11-21T10:30:12.064168
TMO,2025-11-21T10:30:12.064172
TMUS,2025-11-21T10:30:12.064175
TMV.DE,2025-11-21T10:30:12.064178
TNXT.MI,2025-11-21T10:30:12.064181
TOBII.ST,2025-11-21T10:30:12.064185
TOKMAN.HE,2025-11-21T10:30:12.064190
TOM.OL,2025-11-21T10:30:12.064193
TOM2.AS,2025-11-21T10:30:12.064196
TPE.WA,2025-11-21T10:30:12.064200
TPK.L,2025-11-21T10:30:12.064203
TPL,2025-11-21T10:30:12.064206
TPR,2025-11-21T10:30:12.064210
TPRO.MI,2025-11-21T10:30:12.064213
TQQQ,2025-11-21T10:30:12.064216
TRE.MC,2025-11-21T10:30:12.064219
TREL-B.ST,2025-11-21T10:30:12.064222
TRGP,2025-11-21T10:30:12.064226
TRI,2025-11-21T10:30:12.064231
TRI.PA,2025-11-21T10:30:12.064235
TRMB,2025-11-21T10:30:12.064238
TRN.MI,2025-11-21T10:30:12.064241
TROW,2025-11-21T10:30:12.064244
TRST.L,2025-11-21T10:30:12.064248
TRUE-B.ST,2025-11-21T10:30:12.064251
TRV,2025-11-21T10:30:12.064254
TRYG.CO,2025-11-21T10:30:12.064258
TSCO,2025-11-21T10:30:12.064261
TSCO.L,2025-11-21T10:30:12.064264
TSLA,2025-11-21T10:30:12.064267
TSN,2025-11-21T10:30:12.064271
TT,2025-11-21T10:30:12.064274
TTALO.HE,2025-11-21T10:30:12.064277
TTD,2025-11-21T10:30:12.064280
TTE.PA,2025-11-21T10:30:12.064284
TTWO,2025-11-21T10:30:12.064288
TUB.BR,2025-11-21T10:30:12.064291
TW.L,2025-11-21T10:30:12.064294
TXN,2025-11-21T10:30:12.064298
TXT,2025-11-21T10:30:12.064301
TYL,2025-11-21T10:30:12.064304
TYRES.HE,2025-11-21T10:30:12.064307
UAL,2025-11-21T10:30:12.064311
UBER,2025-11-21T10:30:12.064314
UBSG.SW,2025-11-21T10:30:12.064317
UBXN.SW,2025-11-21T10:30:12.064320
UCB,2025-11-21T10:30:12.064323
UCB.BR,2025-11-21T10:30:12.064327
UCG.MI,2025-11-21T10:30:12.064330
UDR,2025-11-21T10:30:12.064333
UHR.SW,2025-11-21T10:30:12.064338
UHS,2025-11-21T10:30:12.064342
ULTA,2025-11-21T10:30:12.064345
ULVR.L,2025-11-21T10:30:12.064348
UMG.AS,2025-11-21T10:30:12.064352
UMI.BR,2025-11-21T10:30:12.064355
UNH,2025-11-21T10:30:12.064358
UNI.MC,2025-11-21T10:30:12.064362
UNP,2025-11-21T10:30:12.064365
UPM.HE,2025-11-21T10:30:12.064368
UPS,2025-11-21T10:30:12.064371
URI,2025-11-21T10:30:12.064374
URW.PA,2025-11-21T10:30:12.064378
USB,2025-11-21T10:30:12.064381
USHY,2025-11-21T10:30:12.064384
UTDI.DE,2025-11-21T10:30:12.064387
UTG.L,2025-11-21T10:30:12.064391
UU.L,2025-11-21T10:30:12.064394
V,2025-11-21T10:30:12.064397
VACN.SW,2025-11-21T10:30:12.064400
VALMT.HE,2025-11-21T10:30:12.064405
VAR.OL,2025-11-21T10:30:12.064408
VATN.SW,2025-11-21T10:30:12.064412
VB,2025-11-21T10:30:12.064415
VBR,2025-11-21T10:30:12.064418
VCIT,2025-11-21T10:30:12.064421
VCSH,2025-11-21T10:30:12.064425
VEA,2025-11-21T10:30:12.064428
VER.VI,2025-11-21T10:30:12.064431
VEU,2025-11-21T10:30:12.064434
VGIT,2025-11-21T10:30:12.064437
VGK,2025-11-21T10:30:12.064441
VGSH,2025-11-21T10:30:12.064444
VGT,2025-11-21T10:30:12.064447
VICI,2025-11-21T10:30:12.064450
VID.MC,2025-11-21T10:30:12.064454
VIE.PA,2025-11-21T10:30:12.064457
VIG,2025-11-21T10:30:12.064460
VIMIAN.ST,2025-11-21T10:30:12.064464
VIRI.PA,2025-11-21T10:30:12.064467
VIS.MC,2025-11-21T10:30:12.064470
VIT-B.ST,2025-11-21T10:30:12.064474
VITR.ST,2025-11-21T10:30:12.064477
VIV.PA,2025-11-21T10:30:12.064480
VLA.PA,2025-11-21T10:30:12.064484
VLO,2025-11-21T10:30:12.064487
VLTO,2025-11-21T10:30:12.064490
VMC,2025-11-21T10:30:12.064493
VNQ,2025-11-21T10:30:12.064497
VO,2025-11-21T10:30:12.064500
VOD.L,2025-11-21T10:30:12.064503
VOLCAR-B.ST,2025-11-21T10:30:12.064506
VOLV-B.ST,2025-11-21T10:30:12.064510
VONG,2025-11-21T10:30:12.064513
VONN.SW,2025-11-21T10:30:12.064516
VOO,2025-11-21T10:30:12.064520
VRLA.PA,2025-11-21T10:30:12.064523
VRSK,2025-11-21T10:30:12.064526
VRSN,2025-11-21T10:30:12.064530
VRTX,2025-11-21T10:30:12.064533
VST,2025-11-21T10:30:12.064536
VSVS.L,2025-11-21T10:30:12.064539
VT,2025-11-21T10:30:12.064543
VTEB,2025-11-21T10:30:12.064546
VTI,2025-11-21T10:30:12.064550
VTR,2025-11-21T10:30:12.064554
VTRS,2025-11-21T10:30:12.064557
VTV,2025-11-21T10:30:12.064560
VU.PA,2025-11-21T10:30:12.064564
VUG,2025-11-21T10:30:12.064567
VV,2025-11-21T10:30:12.064571
VWO,2025-11-21T10:30:12.064574
VWS.CO,2025-11-21T10:30:12.064577
VXF,2025-11-21T10:30:12.064581
VXUS,2025-11-21T10:30:12.064584
VYM,2025-11-21T10:30:12.064587
VZ,2025-11-21T10:30:12.064591
VZN.SW,2025-11-21T10:30:12.064594
WAB,2025-11-21T10:30:12.064597
WALL-B.ST,2025-11-21T10:30:12.064601
WAT,2025-11-21T10:30:12.064604
WAWI.OL,2025-11-21T10:30:12.064608
WBD,2025-11-21T10:30:12.064611
WBD.MI,2025-11-21T10:30:12.064614
WDAY,2025-11-21T10:30:12.064618
WDC,2025-11-21T10:30:12.064621
WDP,2025-11-21T10:30:12.064624
WEC,2025-11-21T10:30:12.064627
WEIR.L,2025-11-21T10:30:12.064631
WELL,2025-11-21T10:30:12.064634
WFC,2025-11-21T10:30:12.064638
WIHL.ST,2025-11-21T10:30:12.064641
WIX.L,2025-11-21T10:30:12.064644
WIZZ.L,2025-11-21T10:30:12.064648
WKP.L,2025-11-21T10:30:12.064651
WLN.PA,2025-11-21T10:30:12.064655
WM,2025-11-21T10:30:12.064658
WMB,2025-11-21T10:30:12.064661
WMT,2025-11-21T10:30:12.064665
WOSG.L,2025-11-21T10:30:12.064669
WPP,2025-11-21T10:30:12.064672
WPP.L,2025-11-21T10:30:12.064676
WRB,2025-11-21T10:30:12.064679
WRT1V.HE,2025-11-21T10:30:12.064682
WSM,2025-11-21T10:30:12.064694
WST,2025-11-21T10:30:12.064697
WTB.L,2025-11-21T10:30:12.064700
WTW,2025-11-21T10:30:12.064703
WY,2025-11-21T10:30:12.064706
WYNN,2025-11-21T10:30:12.064709
XEL,2025-11-21T10:30:12.064712
XFAB.PA,2025-11-21T10:30:12.064715
XIOR.BR,2025-11-21T10:30:12.064718
XLC,2025-11-21T10:30:12.064721
XLE,2025-11-21T10:30:12.064724
XLF,2025-11-21T10:30:12.064727
XLI,2025-11-21T10:30:12.064730
XLK,2025-11-21T10:30:12.064733
XLV,2025-11-21T10:30:12.064736
XLY,2025-11-21T10:30:12.064739
XOM,2025-11-21T10:30:12.064742
XPS.L,2025-11-21T10:30:12.064745
XTB.WA,2025-11-21T10:30:12.064748
XVIVO.ST,2025-11-21T10:30:12.064751
XYL,2025-11-21T10:30:12.064755
XYZ,2025-11-21T10:30:12.064758
YACHT.MI,2025-11-21T10:30:12.064761
YAR.OL,2025-11-21T10:30:12.064764
YPSN.SW,2025-11-21T10:30:12.064767
YUBICO.ST,2025-11-21T10:30:12.064770
YUM,2025-11-21T10:30:12.064773
ZAB.WA,2025-11-21T10:30:12.064776
ZBH,2025-11-21T10:30:12.064779
ZBRA,2025-11-21T10:30:12.064782
ZEG.L,2025-11-21T10:30:12.064862
ZIG.L,2025-11-21T10:30:12.064870
ZS,2025-11-21T10:30:12.064873
ZTS,2025-11-21T10:30:12.064876
ZURN.SW,2025-11-21T10:30:12.064879
