ticker,validated_date
1SXP.DE,2026-02-17T23:09:28.843449
8TRA.DE,2026-02-17T23:09:28.843473
A,2026-02-17T23:09:28.843481
A2A.F,2026-02-17T23:09:28.843489
A2A.MI,2026-02-17T23:09:28.843495
A3M.MC,2026-02-17T23:09:28.843502
AAF.L,2026-02-17T23:09:28.843508
AAK.ST,2026-02-17T23:09:28.843515
AAL.L,2026-02-17T23:09:28.843522
AALB.AS,2026-02-17T23:09:28.843529
AAPL,2026-02-17T23:09:28.843536
ABB.F,2026-02-17T23:09:28.843543
ABB.MC,2026-02-17T23:09:28.843550
ABBV,2026-02-17T23:09:28.843556
ABDN.L,2026-02-17T23:09:28.843562
ABF.L,2026-02-17T23:09:28.843568
ABI.BR,2026-02-17T23:09:28.843574
ABNB,2026-02-17T23:09:28.843587
ABT,2026-02-17T23:09:28.843681
ABVX.PA,2026-02-17T23:09:28.843693
AC.PA,2026-02-17T23:09:28.843700
ACAD.ST,2026-02-17T23:09:28.843706
ACE.MI,2026-02-17T23:09:28.843731
ACGL,2026-02-17T23:09:28.843739
ACKB.BR,2026-02-17T23:09:28.843746
ACLN.SW,2026-02-17T23:09:28.843753
ACN,2026-02-17T23:09:28.843759
ACS.MC,2026-02-17T23:09:28.843784
ACX.MC,2026-02-17T23:09:28.843791
AD.AS,2026-02-17T23:09:28.843852
ADBE,2026-02-17T23:09:28.843863
ADDT-B.ST,2026-02-17T23:09:28.843870
ADEN.SW,2026-02-17T23:09:28.843877
ADI,2026-02-17T23:09:28.843884
ADM,2026-02-17T23:09:28.843889
ADP,2026-02-17T23:09:28.843895
ADP.PA,2026-02-17T23:09:28.843901
ADS.DE,2026-02-17T23:09:28.843907
ADSK,2026-02-17T23:09:28.843913
ADYEN.AS,2026-02-17T23:09:28.843919
AEDAS.MC,2026-02-17T23:09:28.843925
AEE,2026-02-17T23:09:28.843932
AENA.MC,2026-02-17T23:09:28.843958
AEP,2026-02-17T23:09:28.843966
AERO.SW,2026-02-17T23:09:28.843973
AES,2026-02-17T23:09:28.843979
AFL,2026-02-17T23:09:28.843985
AFRY.ST,2026-02-17T23:09:28.843992
AGG,2026-02-17T23:09:28.843998
AGRP.L,2026-02-17T23:09:28.844005
AGS.BR,2026-02-17T23:09:28.844011
AHT.L,2026-02-17T23:09:28.844018
AIG,2026-02-17T23:09:28.844024
AIR.PA,2026-02-17T23:09:28.844689
AIXA.DE,2026-02-17T23:09:28.844698
AIZ,2026-02-17T23:09:28.844704
AJG,2026-02-17T23:09:28.844710
AKAM,2026-02-17T23:09:28.844716
AKE.PA,2026-02-17T23:09:28.844722
AKER.OL,2026-02-17T23:09:28.844728
AKRBP.OL,2026-02-17T23:09:28.844735
ALB,2026-02-17T23:09:28.844742
ALFA.ST,2026-02-17T23:09:28.844748
ALFEN.AS,2026-02-17T23:09:28.844755
ALGN,2026-02-17T23:09:28.844764
ALIF-B.ST,2026-02-17T23:09:28.844770
ALL,2026-02-17T23:09:28.844777
ALLE,2026-02-17T23:09:28.844784
ALLEI.ST,2026-02-17T23:09:28.844790
ALLFG.AS,2026-02-17T23:09:28.844797
ALLN.SW,2026-02-17T23:09:28.844804
ALM.MC,2026-02-17T23:09:28.844810
ALMB.CO,2026-02-17T23:09:28.844817
ALPH.L,2026-02-17T23:09:28.844824
ALSN.SW,2026-02-17T23:09:28.844831
ALV.DE,2026-02-17T23:09:28.844838
AM.PA,2026-02-17T23:09:28.844847
AMAT,2026-02-17T23:09:28.844855
AMBEA.ST,2026-02-17T23:09:28.844861
AMCR,2026-02-17T23:09:28.844868
AMD,2026-02-17T23:09:28.844875
AME,2026-02-17T23:09:28.844881
AMG.AS,2026-02-17T23:09:28.844888
AMGN,2026-02-17T23:09:28.844894
AML.L,2026-02-17T23:09:28.844901
AMP,2026-02-17T23:09:28.844907
AMS.SW,2026-02-17T23:09:28.844914
AMT,2026-02-17T23:09:28.844921
AMUN.PA,2026-02-17T23:09:28.844927
AMZN,2026-02-17T23:09:28.844934
ANA.MC,2026-02-17T23:09:28.844941
ANDR.VI,2026-02-17T23:09:28.844947
ANE.MC,2026-02-17T23:09:28.844955
ANET,2026-02-17T23:09:28.844962
ANOD-B.ST,2026-02-17T23:09:28.844969
ANTO.L,2026-02-17T23:09:28.844976
AON,2026-02-17T23:09:28.844982
AOS,2026-02-17T23:09:28.844989
APA,2026-02-17T23:09:28.844996
APAM.AS,2026-02-17T23:09:28.845002
APD,2026-02-17T23:09:28.845009
APH,2026-02-17T23:09:28.845015
APO,2026-02-17T23:09:28.845022
APOTEA.ST,2026-02-17T23:09:28.845028
APP,2026-02-17T23:09:28.845035
APTV,2026-02-17T23:09:28.845042
AQ.ST,2026-02-17T23:09:28.845048
ARCAD.AS,2026-02-17T23:09:28.845055
ARE,2026-02-17T23:09:28.845064
ARGX.BR,2026-02-17T23:09:28.845070
ARIS.MI,2026-02-17T23:09:28.845077
ARJO-B.ST,2026-02-17T23:09:28.845083
ARM,2026-02-17T23:09:28.845090
ARYN.SW,2026-02-17T23:09:28.845097
ASHM.L,2026-02-17T23:09:28.845104
ASML.AS,2026-02-17T23:09:28.845110
ASRNL.AS,2026-02-17T23:09:28.845117
ASSA-B.ST,2026-02-17T23:09:28.845124
AT1.DE,2026-02-17T23:09:28.845131
ATCO-A.ST,2026-02-17T23:09:28.845137
ATG.L,2026-02-17T23:09:28.845144
ATO,2026-02-17T23:09:28.845150
ATT.ST,2026-02-17T23:09:28.845157
AUTO.OL,2026-02-17T23:09:28.845164
AV.L,2026-02-17T23:09:28.845170
AVB,2026-02-17T23:09:28.845176
AVGO,2026-02-17T23:09:28.845183
AVOL.SW,2026-02-17T23:09:28.845189
AVON.L,2026-02-17T23:09:28.845198
AVY,2026-02-17T23:09:28.845282
AWE.L,2026-02-17T23:09:28.845292
AWK,2026-02-17T23:09:28.845298
AXFO.ST,2026-02-17T23:09:28.845305
AXON,2026-02-17T23:09:28.845312
AXP,2026-02-17T23:09:28.845318
AYV.PA,2026-02-17T23:09:28.845324
AZE.BR,2026-02-17T23:09:28.846513
AZN,2026-02-17T23:09:28.846525
AZO,2026-02-17T23:09:28.846532
BA,2026-02-17T23:09:28.846539
BAB.L,2026-02-17T23:09:28.846546
BABA,2026-02-17T23:09:28.846553
BAC,2026-02-17T23:09:28.846559
BAER.SW,2026-02-17T23:09:28.846566
BAES.L,2026-02-17T23:09:28.846572
BAG.L,2026-02-17T23:09:28.846579
BAKKA.OL,2026-02-17T23:09:28.846586
BALD-B.ST,2026-02-17T23:09:28.846592
BALL,2026-02-17T23:09:28.846601
BALN.SW,2026-02-17T23:09:28.846607
BAMI.MI,2026-02-17T23:09:28.846614
BANB.SW,2026-02-17T23:09:28.846621
BAR.BR,2026-02-17T23:09:28.846627
BARC.L,2026-02-17T23:09:28.846634
BARN.SW,2026-02-17T23:09:28.846641
BAS.DE,2026-02-17T23:09:28.846647
BATS.L,2026-02-17T23:09:28.846654
BAVA.CO,2026-02-17T23:09:28.846660
BAX,2026-02-17T23:09:28.846667
BAYN.DE,2026-02-17T23:09:28.846673
BBVA.MC,2026-02-17T23:09:28.846680
BBY,2026-02-17T23:09:28.846687
BCG.L,2026-02-17T23:09:28.846693
BCHN.SW,2026-02-17T23:09:28.846700
BCP.LS,2026-02-17T23:09:28.846706
BCVN.SW,2026-02-17T23:09:28.846713
BDX,2026-02-17T23:09:28.846720
BEAN.SW,2026-02-17T23:09:28.846726
BEIA-B.ST,2026-02-17T23:09:28.846733
BEIJ-B.ST,2026-02-17T23:09:28.846739
BEKB.BR,2026-02-17T23:09:28.846746
BEN,2026-02-17T23:09:28.846753
BESI.AS,2026-02-17T23:09:28.846762
BETS-B.ST,2026-02-17T23:09:28.846769
BFF.MI,2026-02-17T23:09:28.846776
BFIT.AS,2026-02-17T23:09:28.846782
BFSA.DE,2026-02-17T23:09:28.846789
BFT.WA,2026-02-17T23:09:28.846795
BG,2026-02-17T23:09:28.846802
BGEO.L,2026-02-17T23:09:28.846808
BGN.MI,2026-02-17T23:09:28.846815
BHW.WA,2026-02-17T23:09:28.846821
BIIB,2026-02-17T23:09:28.846828
BIL,2026-02-17T23:09:28.846835
BILI-A.ST,2026-02-17T23:09:28.846841
BILL.ST,2026-02-17T23:09:28.846848
BIOA-B.ST,2026-02-17T23:09:28.846854
BIOG-B.ST,2026-02-17T23:09:28.846861
BIV,2026-02-17T23:09:28.846868
BK,2026-02-17T23:09:28.846874
BKNG,2026-02-17T23:09:28.846881
BKR,2026-02-17T23:09:28.846887
BKT.MC,2026-02-17T23:09:28.846894
BLDR,2026-02-17T23:09:28.846900
BLK,2026-02-17T23:09:28.846907
BLND.L,2026-02-17T23:09:28.846913
BMED.MI,2026-02-17T23:09:28.846920
BMW.DE,2026-02-17T23:09:28.846926
BMY,2026-02-17T23:09:28.846933
BND,2026-02-17T23:09:28.846939
BNDX,2026-02-17T23:09:28.846946
BNZL.L,2026-02-17T23:09:28.846952
BOL.ST,2026-02-17T23:09:28.846959
BONEX.ST,2026-02-17T23:09:28.846965
BOOZT.ST,2026-02-17T23:09:28.846972
BOWL.L,2026-02-17T23:09:28.846979
BOY.L,2026-02-17T23:09:28.846985
BP.L,2026-02-17T23:09:28.846991
BR,2026-02-17T23:09:28.846998
BRAV.ST,2026-02-17T23:09:28.847005
BRBY.L,2026-02-17T23:09:28.847012
BREE.L,2026-02-17T23:09:28.847018
BRKN.SW,2026-02-17T23:09:28.847025
BRO,2026-02-17T23:09:28.847031
BSLN.SW,2026-02-17T23:09:28.847038
BSV,2026-02-17T23:09:28.847044
BSX,2026-02-17T23:09:28.847051
BTRW.L,2026-02-17T23:09:28.847057
BUCN.SW,2026-02-17T23:09:28.847064
BUFAB.ST,2026-02-17T23:09:28.847070
BURE.ST,2026-02-17T23:09:28.847077
BVI.PA,2026-02-17T23:09:28.847084
BWLPG.OL,2026-02-17T23:09:28.847090
BWY.L,2026-02-17T23:09:28.847097
BX,2026-02-17T23:09:28.847104
BXP,2026-02-17T23:09:28.847110
BYG.L,2026-02-17T23:09:28.847116
BYIT.L,2026-02-17T23:09:28.847123
BZU.MI,2026-02-17T23:09:28.847129
C,2026-02-17T23:09:28.847136
CA.PA,2026-02-17T23:09:28.847142
CABK.MC,2026-02-17T23:09:28.847149
CADLR.OL,2026-02-17T23:09:28.847157
CAF.MC,2026-02-17T23:09:28.847164
CAG,2026-02-17T23:09:28.847171
CAH,2026-02-17T23:09:28.847177
CAMX.ST,2026-02-17T23:09:28.847184
CAN.L,2026-02-17T23:09:28.847190
CARM.PA,2026-02-17T23:09:28.847290
CARR,2026-02-17T23:09:28.847299
CAST.ST,2026-02-17T23:09:28.847306
CAT,2026-02-17T23:09:28.847312
CATE.ST,2026-02-17T23:09:28.847319
CB,2026-02-17T23:09:28.847326
CBOE,2026-02-17T23:09:28.847332
CBRE,2026-02-17T23:09:28.847338
CCC.L,2026-02-17T23:09:28.847345
CCEP,2026-02-17T23:09:28.847352
CCH.L,2026-02-17T23:09:28.847358
CCI,2026-02-17T23:09:28.847365
CCL,2026-02-17T23:09:28.847371
CCL.L,2026-02-17T23:09:28.847377
CDNS,2026-02-17T23:09:28.847384
CDR.WA,2026-02-17T23:09:28.847390
CDW,2026-02-17T23:09:28.847397
CEG,2026-02-17T23:09:28.847404
CF,2026-02-17T23:09:28.847410
CFG,2026-02-17T23:09:28.847416
CFR.SW,2026-02-17T23:09:28.847423
CGEO.L,2026-02-17T23:09:28.847429
CHD,2026-02-17T23:09:28.847436
CHEMM.CO,2026-02-17T23:09:28.847442
CHG.L,2026-02-17T23:09:28.847449
CHRW,2026-02-17T23:09:28.847456
CHTR,2026-02-17T23:09:28.847462
CI,2026-02-17T23:09:28.847469
CIBUS.ST,2026-02-17T23:09:28.847475
CINF,2026-02-17T23:09:28.847482
CKN.L,2026-02-17T23:09:28.847489
CL,2026-02-17T23:09:28.847495
CLARI.PA,2026-02-17T23:09:28.847502
CLAS-B.ST,2026-02-17T23:09:28.847508
CLN.SW,2026-02-17T23:09:28.847515
CLNX.MC,2026-02-17T23:09:28.847522
CLX,2026-02-17T23:09:28.847529
CMBN.SW,2026-02-17T23:09:28.847535
CMCSA,2026-02-17T23:09:28.847541
CME,2026-02-17T23:09:28.847548
CMG,2026-02-17T23:09:28.847555
CMI,2026-02-17T23:09:28.847561
CMS,2026-02-17T23:09:28.847568
CNA.L,2026-02-17T23:09:28.847574
CNC,2026-02-17T23:09:28.847580
CNP,2026-02-17T23:09:28.847587
COA.L,2026-02-17T23:09:28.847593
COF,2026-02-17T23:09:28.847600
COFA.PA,2026-02-17T23:09:28.847606
COFB.BR,2026-02-17T23:09:28.847613
COIN,2026-02-17T23:09:28.847619
COL.MC,2026-02-17T23:09:28.847626
COLOB.CO,2026-02-17T23:09:28.847633
COLR.BR,2026-02-17T23:09:28.847639
CON.DE,2026-02-17T23:09:28.847646
COO,2026-02-17T23:09:28.847653
COP,2026-02-17T23:09:28.847659
COPN.SW,2026-02-17T23:09:28.847665
COR,2026-02-17T23:09:28.847672
CORE-B.ST,2026-02-17T23:09:28.847678
COST,2026-02-17T23:09:28.847685
CPAY,2026-02-17T23:09:28.847692
CPB,2026-02-17T23:09:28.847698
CPG.L,2026-02-17T23:09:28.847704
CPRT,2026-02-17T23:09:28.847713
CPS.WA,2026-02-17T23:09:28.847719
CPT,2026-02-17T23:09:28.847726
CRE.L,2026-02-17T23:09:28.847732
CRH.L,2026-02-17T23:09:28.847739
CRL,2026-02-17T23:09:28.847745
CRM,2026-02-17T23:09:28.847752
CRST.L,2026-02-17T23:09:28.847758
CRWD,2026-02-17T23:09:28.847765
CSCO,2026-02-17T23:09:28.847771
CSGP,2026-02-17T23:09:28.847778
CSX,2026-02-17T23:09:28.847784
CTAS,2026-02-17T23:09:28.847792
CTEC.L,2026-02-17T23:09:28.847799
CTPNV.AS,2026-02-17T23:09:28.847805
CTRA,2026-02-17T23:09:28.847812
CTSH,2026-02-17T23:09:28.847818
CTT.LS,2026-02-17T23:09:28.847825
CTVA,2026-02-17T23:09:28.847831
CURY.L,2026-02-17T23:09:28.847838
CVC.AS,2026-02-17T23:09:28.847844
CVS,2026-02-17T23:09:28.847851
CVX,2026-02-17T23:09:28.847857
CWK.L,2026-02-17T23:09:28.847864
CWR.L,2026-02-17T23:09:28.847870
D,2026-02-17T23:09:28.847876
DAE.SW,2026-02-17T23:09:28.847883
DAL,2026-02-17T23:09:28.847889
DANSKE.CO,2026-02-17T23:09:28.847897
DASH,2026-02-17T23:09:28.847904
DAY,2026-02-17T23:09:28.847911
DBG.PA,2026-02-17T23:09:28.847917
DBV.PA,2026-02-17T23:09:28.847924
DCC,2026-02-17T23:09:28.847930
DCC.L,2026-02-17T23:09:28.847936
DD,2026-02-17T23:09:28.847943
DDOG,2026-02-17T23:09:28.847949
DE,2026-02-17T23:09:28.847956
DEC.L,2026-02-17T23:09:28.847963
DECK,2026-02-17T23:09:28.847969
DELL,2026-02-17T23:09:28.847976
DEMANT.CO,2026-02-17T23:09:28.847982
DEME.BR,2026-02-17T23:09:28.847989
DESN.SW,2026-02-17T23:09:28.847995
DFAC,2026-02-17T23:09:28.848003
DFDS.CO,2026-02-17T23:09:28.848010
DG,2026-02-17T23:09:28.848017
DG.PA,2026-02-17T23:09:28.848023
DGE.L,2026-02-17T23:09:28.848029
DGRO,2026-02-17T23:09:28.848036
DGX,2026-02-17T23:09:28.848042
DHER.DE,2026-02-17T23:09:28.848049
DHI,2026-02-17T23:09:28.848056
DHR,2026-02-17T23:09:28.848062
DIA,2026-02-17T23:09:28.848068
DIOS.ST,2026-02-17T23:09:28.848075
DIS,2026-02-17T23:09:28.848081
DKSH.SW,2026-02-17T23:09:28.848088
DLG.MI,2026-02-17T23:09:28.848094
DLN.L,2026-02-17T23:09:28.848101
DLR,2026-02-17T23:09:28.848107
DLTR,2026-02-17T23:09:28.848114
DNB.OL,2026-02-17T23:09:28.848120
DNLM.L,2026-02-17T23:09:28.848126
DNO.OL,2026-02-17T23:09:28.848134
DNORD.CO,2026-02-17T23:09:28.848140
DNP.WA,2026-02-17T23:09:28.848147
DNR.MI,2026-02-17T23:09:28.848154
DOC,2026-02-17T23:09:28.848160
DOCM.SW,2026-02-17T23:09:28.848167
DOCS.L,2026-02-17T23:09:28.848173
DOFG.OL,2026-02-17T23:09:28.848180
DOKA.SW,2026-02-17T23:09:28.848186
DOM.L,2026-02-17T23:09:28.848193
DOV,2026-02-17T23:09:28.848199
DOW,2026-02-17T23:09:28.848206
DPLM.L,2026-02-17T23:09:28.848212
DPZ,2026-02-17T23:09:28.848219
DRI,2026-02-17T23:09:28.848225
DRX.L,2026-02-17T23:09:28.848231
DSCV.L,2026-02-17T23:09:28.848238
DSFIR.AS,2026-02-17T23:09:28.848245
DSV.CO,2026-02-17T23:09:28.848251
DTE,2026-02-17T23:09:28.848258
DUK,2026-02-17T23:09:28.848265
DVA,2026-02-17T23:09:28.848271
DVN,2026-02-17T23:09:28.848277
DWL.L,2026-02-17T23:09:28.848284
DXCM,2026-02-17T23:09:28.848290
DYNF,2026-02-17T23:09:28.848297
DYVOX.ST,2026-02-17T23:09:28.848303
EA,2026-02-17T23:09:28.848310
EBAY,2026-02-17T23:09:28.848316
ECL,2026-02-17T23:09:28.848323
ECMPA.AS,2026-02-17T23:09:28.848329
ED,2026-02-17T23:09:28.848336
EDEN.PA,2026-02-17T23:09:28.848342
EDP.LS,2026-02-17T23:09:28.848349
EDPR.LS,2026-02-17T23:09:28.848355
EFA,2026-02-17T23:09:28.848362
EFGN.SW,2026-02-17T23:09:28.848368
EFV,2026-02-17T23:09:28.848374
EFX,2026-02-17T23:09:28.848381
EG,2026-02-17T23:09:28.848387
EGLA.MI,2026-02-17T23:09:28.848394
EIX,2026-02-17T23:09:28.848400
EKTA-B.ST,2026-02-17T23:09:28.848406
EL,2026-02-17T23:09:28.848413
ELE.MC,2026-02-17T23:09:28.848421
ELI.BR,2026-02-17T23:09:28.848428
ELIOR.PA,2026-02-17T23:09:28.848435
ELIS.PA,2026-02-17T23:09:28.848441
ELISA.HE,2026-02-17T23:09:28.848448
ELK.OL,2026-02-17T23:09:28.848455
ELM.L,2026-02-17T23:09:28.848461
ELUX-B.ST,2026-02-17T23:09:28.848468
ELV,2026-02-17T23:09:28.848474
EMBRAC-B.ST,2026-02-17T23:09:28.848481
EME,2026-02-17T23:09:28.848488
EMEIS.PA,2026-02-17T23:09:28.848494
EMG.L,2026-02-17T23:09:28.848501
EMMN.SW,2026-02-17T23:09:28.848507
EMN,2026-02-17T23:09:28.848514
EMR,2026-02-17T23:09:28.848520
EMSN.SW,2026-02-17T23:09:28.848527
EN.PA,2026-02-17T23:09:28.848533
ENAV.MI,2026-02-17T23:09:28.848540
ENC.MC,2026-02-17T23:09:28.848546
ENEL.MI,2026-02-17T23:09:28.848553
ENGCON-B.ST,2026-02-17T23:09:28.848560
ENI.MI,2026-02-17T23:09:28.848567
ENOG.L,2026-02-17T23:09:28.848573
ENT.L,2026-02-17T23:09:28.848580
ENTRA.OL,2026-02-17T23:09:28.848586
ENX.PA,2026-02-17T23:09:28.848593
EOG,2026-02-17T23:09:28.848599
EPAM,2026-02-17T23:09:28.848606
EPR.OL,2026-02-17T23:09:28.848613
EPRO-B.ST,2026-02-17T23:09:28.848619
EQIX,2026-02-17T23:09:28.848626
EQNR.OL,2026-02-17T23:09:28.848632
EQR,2026-02-17T23:09:28.848639
EQT,2026-02-17T23:09:28.848645
ERG.MI,2026-02-17T23:09:28.848652
ERIC-B.ST,2026-02-17T23:09:28.848658
ERIE,2026-02-17T23:09:28.848665
ES,2026-02-17T23:09:28.848671
ESP.L,2026-02-17T23:09:28.848678
ESS,2026-02-17T23:09:28.848684
ESSITY-B.ST,2026-02-17T23:09:28.848691
ETL.PA,2026-02-17T23:09:28.848698
ETN,2026-02-17T23:09:28.848704
ETR,2026-02-17T23:09:28.848711
EVO.ST,2026-02-17T23:09:28.848717
EVOK.L,2026-02-17T23:09:28.848723
EVRG,2026-02-17T23:09:28.848730
EVT.DE,2026-02-17T23:09:28.848736
EW,2026-02-17T23:09:28.848743
EXA.PA,2026-02-17T23:09:28.848749
EXC,2026-02-17T23:09:28.848756
EXE,2026-02-17T23:09:28.848762
EXENS.PA,2026-02-17T23:09:28.848768
EXPD,2026-02-17T23:09:28.848775
EXPE,2026-02-17T23:09:28.848782
EXPN.L,2026-02-17T23:09:28.848788
EXR,2026-02-17T23:09:28.848794
EZJ.L,2026-02-17T23:09:28.848801
F,2026-02-17T23:09:28.848807
FABG.ST,2026-02-17T23:09:28.848815
FAN.L,2026-02-17T23:09:28.848822
FANG,2026-02-17T23:09:28.848828
FAST,2026-02-17T23:09:28.848835
FBK.MI,2026-02-17T23:09:28.848841
FCT.MI,2026-02-17T23:09:28.848847
FCX,2026-02-17T23:09:28.848854
FDM.L,2026-02-17T23:09:28.848860
FDS,2026-02-17T23:09:28.848867
FDX,2026-02-17T23:09:28.848925
FE,2026-02-17T23:09:28.848933
FER.MC,2026-02-17T23:09:28.848939
FFIV,2026-02-17T23:09:28.848945
FGP.L,2026-02-17T23:09:28.848950
FHZN.SW,2026-02-17T23:09:28.848956
FI,2026-02-17T23:09:28.848962
FICO,2026-02-17T23:09:28.848967
FILA.MI,2026-02-17T23:09:28.848974
FIS,2026-02-17T23:09:28.848980
FITB,2026-02-17T23:09:28.848987
FLOW.AS,2026-02-17T23:09:28.848993
FLS.CO,2026-02-17T23:09:28.848999
FORN.SW,2026-02-17T23:09:28.849005
FORT.L,2026-02-17T23:09:28.849011
FORTUM.HE,2026-02-17T23:09:28.849017
FOUR.L,2026-02-17T23:09:28.849024
FOX,2026-02-17T23:09:28.849031
FOXA,2026-02-17T23:09:28.849037
FR.PA,2026-02-17T23:09:28.849044
FRAS.L,2026-02-17T23:09:28.849051
FRE.DE,2026-02-17T23:09:28.849057
FRES.L,2026-02-17T23:09:28.849063
FRO.OL,2026-02-17T23:09:28.849069
FRT,2026-02-17T23:09:28.849076
FRVIA.PA,2026-02-17T23:09:28.849082
FSLR,2026-02-17T23:09:28.849089
FTNT,2026-02-17T23:09:28.849096
FTV,2026-02-17T23:09:28.849103
FUTR.L,2026-02-17T23:09:28.849109
FXPO.L,2026-02-17T23:09:28.849115
G24.DE,2026-02-17T23:09:28.849121
GALD.SW,2026-02-17T23:09:28.849127
GALE.SW,2026-02-17T23:09:28.849134
GALP.LS,2026-02-17T23:09:28.849140
GBLB.BR,2026-02-17T23:09:28.849147
GCO.MC,2026-02-17T23:09:28.849154
GD,2026-02-17T23:09:28.849160
GDDY,2026-02-17T23:09:28.850301
GDX,2026-02-17T23:09:28.850319
GE,2026-02-17T23:09:28.850326
GEBN.SW,2026-02-17T23:09:28.850333
GEHC,2026-02-17T23:09:28.852936
GEN,2026-02-17T23:09:28.852951
GENG.L,2026-02-17T23:09:28.852958
GEST.MC,2026-02-17T23:09:28.852965
GETI-B.ST,2026-02-17T23:09:28.852972
GEV,2026-02-17T23:09:28.852979
GF.SW,2026-02-17T23:09:28.852985
GFS,2026-02-17T23:09:28.852992
GILD,2026-02-17T23:09:28.852998
GIS,2026-02-17T23:09:28.853005
GIVN.SW,2026-02-17T23:09:28.853012
GL,2026-02-17T23:09:28.853019
GLD,2026-02-17T23:09:28.853025
GLDM,2026-02-17T23:09:28.853032
GLEN.L,2026-02-17T23:09:28.853038
GLPG.AS,2026-02-17T23:09:28.853045
GLW,2026-02-17T23:09:28.853052
GM,2026-02-17T23:09:28.853058
GMAB.CO,2026-02-17T23:09:28.853065
GN.CO,2026-02-17T23:09:28.853071
GNC.L,2026-02-17T23:09:28.853078
GNRC,2026-02-17T23:09:28.853084
GNS.L,2026-02-17T23:09:28.853093
GOOG,2026-02-17T23:09:28.853100
GOOGL,2026-02-17T23:09:28.853106
GOVT,2026-02-17T23:09:28.853113
GPC,2026-02-17T23:09:28.853119
GPN,2026-02-17T23:09:28.853126
GRG.L,2026-02-17T23:09:28.853132
GRI.L,2026-02-17T23:09:28.853139
GRMN,2026-02-17T23:09:28.853145
GROW.L,2026-02-17T23:09:28.853152
GS,2026-02-17T23:09:28.853158
GSK,2026-02-17T23:09:28.853165
GSK.L,2026-02-17T23:09:28.853174
GTT.PA,2026-02-17T23:09:28.853181
GUBRA.CO,2026-02-17T23:09:28.853187
GWW,2026-02-17T23:09:28.853194
GYC.DE,2026-02-17T23:09:28.853200
HAFNI.OL,2026-02-17T23:09:28.853207
HAL,2026-02-17T23:09:28.853214
HAS,2026-02-17T23:09:28.853220
HAUTO.OL,2026-02-17T23:09:28.853226
HAVAS.AS,2026-02-17T23:09:28.853233
HBAN,2026-02-17T23:09:28.853240
HBH.DE,2026-02-17T23:09:28.853246
HBR.L,2026-02-17T23:09:28.853253
HCA,2026-02-17T23:09:28.853259
HD,2026-02-17T23:09:28.853265
HEBA-B.ST,2026-02-17T23:09:28.853272
HEIA.AS,2026-02-17T23:09:28.853280
HEIO.AS,2026-02-17T23:09:28.853287
HELN.SW,2026-02-17T23:09:28.853293
HEM.ST,2026-02-17T23:09:28.853300
HEX.OL,2026-02-17T23:09:28.853306
HEXA-B.ST,2026-02-17T23:09:28.853313
HFD.L,2026-02-17T23:09:28.853320
HFG.L,2026-02-17T23:09:28.853326
HIG,2026-02-17T23:09:28.853333
HII,2026-02-17T23:09:28.853339
HIK.L,2026-02-17T23:09:28.853346
HILS.L,2026-02-17T23:09:28.853352
HLAG.DE,2026-02-17T23:09:28.853359
HLE.DE,2026-02-17T23:09:28.853365
HLMA.L,2026-02-17T23:09:28.853372
HLN.L,2026-02-17T23:09:28.853379
HLT,2026-02-17T23:09:28.853387
HM-B.ST,2026-02-17T23:09:28.853394
HMSO.L,2026-02-17T23:09:28.853400
HOFI.ST,2026-02-17T23:09:28.853407
HOLM-B.ST,2026-02-17T23:09:28.853413
HOLN.SW,2026-02-17T23:09:28.853420
HOLX,2026-02-17T23:09:28.853427
HOME.MC,2026-02-17T23:09:28.853433
HON,2026-02-17T23:09:28.853440
HOOD,2026-02-17T23:09:28.853446
HPE,2026-02-17T23:09:28.853453
HPOL-B.ST,2026-02-17T23:09:28.853459
HPQ,2026-02-17T23:09:28.853466
HRL,2026-02-17T23:09:28.853472
HSBA.L,2026-02-17T23:09:28.853479
HSIC,2026-02-17T23:09:28.853485
HST,2026-02-17T23:09:28.853492
HSX.L,2026-02-17T23:09:28.853498
HSY,2026-02-17T23:09:28.853504
HTG.L,2026-02-17T23:09:28.853511
HTRO.ST,2026-02-17T23:09:28.853519
HTWS.L,2026-02-17T23:09:28.853526
HUBB,2026-02-17T23:09:28.853532
HUBN.SW,2026-02-17T23:09:28.853539
HUFV-A.ST,2026-02-17T23:09:28.853545
HUH1V.HE,2026-02-17T23:09:28.853552
HUM,2026-02-17T23:09:28.853558
HUSQ-B.ST,2026-02-17T23:09:28.853565
HWDN.L,2026-02-17T23:09:28.853572
HWM,2026-02-17T23:09:28.853579
IAG,2026-02-17T23:09:28.853585
IAU,2026-02-17T23:09:28.853592
IBE.MC,2026-02-17T23:09:28.853598
IBIT,2026-02-17T23:09:28.853605
IBKR,2026-02-17T23:09:28.853611
IBM,2026-02-17T23:09:28.853618
IBST.L,2026-02-17T23:09:28.853624
ICAD.PA,2026-02-17T23:09:28.853631
ICE,2026-02-17T23:09:28.853638
IDEV,2026-02-17T23:09:28.853644
IDIA.SW,2026-02-17T23:09:28.853651
IDR.MC,2026-02-17T23:09:28.853657
IDXX,2026-02-17T23:09:28.853664
IEF,2026-02-17T23:09:28.853670
IEFA,2026-02-17T23:09:28.853677
IEMG,2026-02-17T23:09:28.853683
IEX,2026-02-17T23:09:28.853690
IF.MI,2026-02-17T23:09:28.853696
IFCN.SW,2026-02-17T23:09:28.853703
IFF,2026-02-17T23:09:28.853709
IG.MI,2026-02-17T23:09:28.853716
IGG.L,2026-02-17T23:09:28.853722
III.L,2026-02-17T23:09:28.853729
IJH,2026-02-17T23:09:28.853735
IJR,2026-02-17T23:09:28.853741
IMB.L,2026-02-17T23:09:28.853748
IMCD.AS,2026-02-17T23:09:28.853754
IMI.L,2026-02-17T23:09:28.853761
IMPN.SW,2026-02-17T23:09:28.853767
INCH.L,2026-02-17T23:09:28.853774
INCY,2026-02-17T23:09:28.853780
INDT.ST,2026-02-17T23:09:28.853787
INDU-C.ST,2026-02-17T23:09:28.853793
INF.L,2026-02-17T23:09:28.853800
INGA.AS,2026-02-17T23:09:28.853808
INPST.AS,2026-02-17T23:09:28.853815
INRN.SW,2026-02-17T23:09:28.853822
INSTAL.ST,2026-02-17T23:09:28.853828
INTC,2026-02-17T23:09:28.853835
INTRUM.ST,2026-02-17T23:09:28.853841
INTU,2026-02-17T23:09:28.853848
INVE-B.ST,2026-02-17T23:09:28.853855
INVH,2026-02-17T23:09:28.853861
INVP.L,2026-02-17T23:09:28.853868
INWI.ST,2026-02-17T23:09:28.853874
IP,2026-02-17T23:09:28.853881
IPCO.ST,2026-02-17T23:09:28.853887
IPG,2026-02-17T23:09:28.853894
IPN.PA,2026-02-17T23:09:28.853900
IPO.L,2026-02-17T23:09:28.853907
IQV,2026-02-17T23:09:28.853914
IR,2026-02-17T23:09:28.853920
IRM,2026-02-17T23:09:28.853927
ISP.MI,2026-02-17T23:09:28.853933
ISRG,2026-02-17T23:09:28.853940
ISS.CO,2026-02-17T23:09:28.853946
IT,2026-02-17T23:09:28.853952
ITOT,2026-02-17T23:09:28.853959
ITRK.L,2026-02-17T23:09:28.853965
ITV.L,2026-02-17T23:09:28.853972
ITW,2026-02-17T23:09:28.853978
ITX.MC,2026-02-17T23:09:28.853985
IUSB,2026-02-17T23:09:28.853991
IUSG,2026-02-17T23:09:28.853998
IUSV,2026-02-17T23:09:28.854004
IVE,2026-02-17T23:09:28.854011
IVG.MI,2026-02-17T23:09:28.854017
IVSO.ST,2026-02-17T23:09:28.854024
IVV,2026-02-17T23:09:28.854030
IVW,2026-02-17T23:09:28.854037
IVZ,2026-02-17T23:09:28.854043
IWB,2026-02-17T23:09:28.854050
IWD,2026-02-17T23:09:28.854057
IWF,2026-02-17T23:09:28.854063
IWG.L,2026-02-17T23:09:28.854069
IWM,2026-02-17T23:09:28.854076
IWR,2026-02-17T23:09:28.854082
IXUS,2026-02-17T23:09:28.854089
J,2026-02-17T23:09:28.854095
JAAA,2026-02-17T23:09:28.854102
JBHT,2026-02-17T23:09:28.854108
JBL,2026-02-17T23:09:28.854114
JCI,2026-02-17T23:09:28.854121
JD.L,2026-02-17T23:09:28.854127
JDEP.AS,2026-02-17T23:09:28.854134
JDW.L,2026-02-17T23:09:28.854376
JEPI,2026-02-17T23:09:28.854398
JEPQ,2026-02-17T23:09:28.854405
JFN.SW,2026-02-17T23:09:28.854412
JKHY,2026-02-17T23:09:28.854419
JM.ST,2026-02-17T23:09:28.854425
JMAT.L,2026-02-17T23:09:28.854432
JMT.LS,2026-02-17T23:09:28.854439
JNJ,2026-02-17T23:09:28.854445
JPM,2026-02-17T23:09:28.854454
JPST,2026-02-17T23:09:28.854461
JSW.WA,2026-02-17T23:09:28.854467
JTC.L,2026-02-17T23:09:28.854474
JUP.L,2026-02-17T23:09:28.854480
JUVE.MI,2026-02-17T23:09:28.854487
JYSK.CO,2026-02-17T23:09:28.854493
K,2026-02-17T23:09:28.854500
KALMAR.HE,2026-02-17T23:09:28.854507
KAR.ST,2026-02-17T23:09:28.854596
KARN.SW,2026-02-17T23:09:28.854605
KBC.BR,2026-02-17T23:09:28.854612
KBCA.BR,2026-02-17T23:09:28.854619
KBX.DE,2026-02-17T23:09:28.854626
KDP,2026-02-17T23:09:28.854632
KEMIRA.HE,2026-02-17T23:09:28.854639
KEMPOWR.HE,2026-02-17T23:09:28.854646
KER.PA,2026-02-17T23:09:28.854653
KESKOB.HE,2026-02-17T23:09:28.854660
KEY,2026-02-17T23:09:28.854666
KEYS,2026-02-17T23:09:28.854673
KGF.L,2026-02-17T23:09:28.854680
KGH.WA,2026-02-17T23:09:28.854686
KGX.DE,2026-02-17T23:09:28.854693
KHC,2026-02-17T23:09:28.854699
KIE.L,2026-02-17T23:09:28.854706
KIM,2026-02-17T23:09:28.854712
KINV-B.ST,2026-02-17T23:09:28.854719
KIT.OL,2026-02-17T23:09:28.854726
KKR,2026-02-17T23:09:28.854733
KLAC,2026-02-17T23:09:28.854739
KLR.L,2026-02-17T23:09:28.854746
KMB,2026-02-17T23:09:28.854752
KMI,2026-02-17T23:09:28.854759
KMX,2026-02-17T23:09:28.854765
KNEBV.HE,2026-02-17T23:09:28.854772
KNIN.SW,2026-02-17T23:09:28.854778
KNOS.L,2026-02-17T23:09:28.854785
KO,2026-02-17T23:09:28.854792
KOG.OL,2026-02-17T23:09:28.854798
KOJAMO.HE,2026-02-17T23:09:28.854805
KPN.AS,2026-02-17T23:09:28.854812
KR,2026-02-17T23:09:28.854818
KRU.WA,2026-02-17T23:09:28.854825
KTN.DE,2026-02-17T23:09:28.854832
KTY.WA,2026-02-17T23:09:28.854838
KURN.SW,2026-02-17T23:09:28.854845
KVUE,2026-02-17T23:09:28.854851
L,2026-02-17T23:09:28.854858
LAGR-B.ST,2026-02-17T23:09:28.854865
LAND.L,2026-02-17T23:09:28.854872
LATO-B.ST,2026-02-17T23:09:28.854878
LBW.WA,2026-02-17T23:09:28.854885
LDO.MI,2026-02-17T23:09:28.854892
LDOS,2026-02-17T23:09:28.854898
LEHN.SW,2026-02-17T23:09:28.854905
LEN,2026-02-17T23:09:28.854911
LGEN.L,2026-02-17T23:09:28.854918
LH,2026-02-17T23:09:28.854924
LHX,2026-02-17T23:09:28.854931
LIAB.ST,2026-02-17T23:09:28.854937
LIFCO-B.ST,2026-02-17T23:09:28.854944
LIGHT.AS,2026-02-17T23:09:28.854951
LII,2026-02-17T23:09:28.854958
LIN,2026-02-17T23:09:28.854964
LINK.OL,2026-02-17T23:09:28.854971
LIO.L,2026-02-17T23:09:28.854977
LKQ,2026-02-17T23:09:28.854984
LLOY.L,2026-02-17T23:09:28.854990
LLY,2026-02-17T23:09:28.854997
LMT,2026-02-17T23:09:28.855003
LNT,2026-02-17T23:09:28.855010
LOG.MC,2026-02-17T23:09:28.855016
LOGI-B.ST,2026-02-17T23:09:28.855024
LOGN.SW,2026-02-17T23:09:28.855031
LONN.SW,2026-02-17T23:09:28.855038
LOOMIS.ST,2026-02-17T23:09:28.855045
LOW,2026-02-17T23:09:28.855051
LQD,2026-02-17T23:09:28.855058
LR.PA,2026-02-17T23:09:28.855064
LRCX,2026-02-17T23:09:28.855071
LRE.L,2026-02-17T23:09:28.855077
LSG.OL,2026-02-17T23:09:28.855084
LTMC.MI,2026-02-17T23:09:28.855091
LULU,2026-02-17T23:09:28.855097
LUND-B.ST,2026-02-17T23:09:28.855106
LUV,2026-02-17T23:09:28.855113
LVS,2026-02-17T23:09:28.855120
LW,2026-02-17T23:09:28.855126
LYB,2026-02-17T23:09:28.855133
LYV,2026-02-17T23:09:28.855140
MA,2026-02-17T23:09:28.855146
MAA,2026-02-17T23:09:28.855153
MAB.L,2026-02-17T23:09:28.855159
MANTA.HE,2026-02-17T23:09:28.855166
MAP.MC,2026-02-17T23:09:28.855172
MAR,2026-02-17T23:09:28.855179
MARR.MI,2026-02-17T23:09:28.855185
MAS,2026-02-17T23:09:28.855192
MATAS.CO,2026-02-17T23:09:28.855198
MBB,2026-02-17T23:09:28.855205
MBK.WA,2026-02-17T23:09:28.855213
MCAP.ST,2026-02-17T23:09:28.855220
MCD,2026-02-17T23:09:28.855227
MCG.L,2026-02-17T23:09:28.855233
MCHP,2026-02-17T23:09:28.855240
MCK,2026-02-17T23:09:28.855246
MCO,2026-02-17T23:09:28.855253
MCOV-B.ST,2026-02-17T23:09:28.855444
MDLZ,2026-02-17T23:09:28.855455
MDT,2026-02-17T23:09:28.855462
MDY,2026-02-17T23:09:28.855469
MEKO.ST,2026-02-17T23:09:28.855475
MEL.MC,2026-02-17T23:09:28.855482
MELI,2026-02-17T23:09:28.855489
MERY.PA,2026-02-17T23:09:28.855495
MET,2026-02-17T23:09:28.855502
META,2026-02-17T23:09:28.855511
METSB.HE,2026-02-17T23:09:28.855518
METSO.HE,2026-02-17T23:09:28.855524
MFEA.MI,2026-02-17T23:09:28.855531
MGK,2026-02-17T23:09:28.855538
MGM,2026-02-17T23:09:28.855544
MGNS.L,2026-02-17T23:09:28.855551
MHK,2026-02-17T23:09:28.855557
MILDEF.ST,2026-02-17T23:09:28.855564
MING.OL,2026-02-17T23:09:28.855570
MIPS.ST,2026-02-17T23:09:28.855577
MKC,2026-02-17T23:09:28.855584
MKS.L,2026-02-17T23:09:28.855590
MLM,2026-02-17T23:09:28.855597
MMC,2026-02-17T23:09:28.855603
MMGR-B.ST,2026-02-17T23:09:28.855610
MMM,2026-02-17T23:09:28.855616
MNDI.L,2026-02-17T23:09:28.855623
MNG.L,2026-02-17T23:09:28.855629
MNST,2026-02-17T23:09:28.855636
MO,2026-02-17T23:09:28.855644
MOBN.SW,2026-02-17T23:09:28.855650
MOH,2026-02-17T23:09:28.855657
MOL.MI,2026-02-17T23:09:28.855663
MONC.MI,2026-02-17T23:09:28.855670
MONY.L,2026-02-17T23:09:28.855676
MOS,2026-02-17T23:09:28.855683
MOVE.SW,2026-02-17T23:09:28.855689
MOWI.OL,2026-02-17T23:09:28.855696
MPC,2026-02-17T23:09:28.855703
MPCC.OL,2026-02-17T23:09:28.855709
MPWR,2026-02-17T23:09:28.855715
MRK,2026-02-17T23:09:28.855722
MRL.MC,2026-02-17T23:09:28.855728
MRNA,2026-02-17T23:09:28.855735
MRVL,2026-02-17T23:09:28.855742
MS,2026-02-17T23:09:28.855748
MSCI,2026-02-17T23:09:28.855755
MSFT,2026-02-17T23:09:28.855761
MSI,2026-02-17T23:09:28.855768
MSLH.L,2026-02-17T23:09:28.855774
MSTR,2026-02-17T23:09:28.855781
MT.AS,2026-02-17T23:09:28.855787
MTB,2026-02-17T23:09:28.855794
MTCH,2026-02-17T23:09:28.855800
MTD,2026-02-17T23:09:28.855807
MTG-B.ST,2026-02-17T23:09:28.855813
MTO.L,2026-02-17T23:09:28.855820
MTRS.ST,2026-02-17T23:09:28.855826
MU,2026-02-17T23:09:28.855833
MUB,2026-02-17T23:09:28.855839
MYCR.ST,2026-02-17T23:09:28.855846
N91.L,2026-02-17T23:09:28.855853
NAS.OL,2026-02-17T23:09:28.855859
NCAB.ST,2026-02-17T23:09:28.855866
NCC-B.ST,2026-02-17T23:09:28.855872
NCH2.DE,2026-02-17T23:09:28.855879
NCLH,2026-02-17T23:09:28.855885
NDA.DE,2026-02-17T23:09:28.855892
NDAQ,2026-02-17T23:09:28.855898
NDSN,2026-02-17T23:09:28.855904
NEE,2026-02-17T23:09:28.855910
NEL,2026-02-17T23:09:28.855917
NEL.OL,2026-02-17T23:09:28.855923
NEM,2026-02-17T23:09:28.855930
NEM.DE,2026-02-17T23:09:28.855937
NESN.SW,2026-02-17T23:09:28.855943
NESTE.HE,2026-02-17T23:09:28.855950
NEWA-B.ST,2026-02-17T23:09:28.855956
NEXT,2026-02-17T23:09:28.855962
NFLX,2026-02-17T23:09:28.855969
NG.L,2026-02-17T23:09:28.855975
NHY.OL,2026-02-17T23:09:28.855981
NI,2026-02-17T23:09:28.855988
NIBE-B.ST,2026-02-17T23:09:28.855994
NKE,2026-02-17T23:09:28.856000
NKT.CO,2026-02-17T23:09:28.856006
NN.AS,2026-02-17T23:09:28.856013
NOC,2026-02-17T23:09:28.856019
NOD.OL,2026-02-17T23:09:28.856025
NOKIA.HE,2026-02-17T23:09:28.856032
NOLA-B.ST,2026-02-17T23:09:28.856038
NONG.OL,2026-02-17T23:09:28.856044
NORBT.OL,2026-02-17T23:09:28.856051
NOS.LS,2026-02-17T23:09:28.856058
NOVN.SW,2026-02-17T23:09:28.856065
NOW,2026-02-17T23:09:28.856071
NP3.ST,2026-02-17T23:09:28.856077
NRG,2026-02-17T23:09:28.856083
NSC,2026-02-17T23:09:28.856089
NTAP,2026-02-17T23:09:28.856095
NTGY.MC,2026-02-17T23:09:28.856101
NTRS,2026-02-17T23:09:28.856107
NUE,2026-02-17T23:09:28.856113
NVDA,2026-02-17T23:09:28.856119
NVR,2026-02-17T23:09:28.856125
NWG.L,2026-02-17T23:09:28.856131
NWS,2026-02-17T23:09:28.856136
NWSA,2026-02-17T23:09:28.856142
NXPI,2026-02-17T23:09:28.856148
NYF.ST,2026-02-17T23:09:28.856154
O,2026-02-17T23:09:28.856160
OCDO.L,2026-02-17T23:09:28.856166
OCI.AS,2026-02-17T23:09:28.856173
ODFL,2026-02-17T23:09:28.856179
OEF,2026-02-17T23:09:28.856185
OEM-B.ST,2026-02-17T23:09:28.856191
OERL.SW,2026-02-17T23:09:28.856197
OET.OL,2026-02-17T23:09:28.856204
OHLA.MC,2026-02-17T23:09:28.856210
OKE,2026-02-17T23:09:28.856217
OMC,2026-02-17T23:09:28.856224
OMV.VI,2026-02-17T23:09:28.856230
ON,2026-02-17T23:09:28.856237
ONCO.ST,2026-02-17T23:09:28.856244
ONT.L,2026-02-17T23:09:28.856250
ONTEX.BR,2026-02-17T23:09:28.856257
OPL.WA,2026-02-17T23:09:28.856263
OPM.PA,2026-02-17T23:09:28.856269
OR.PA,2026-02-17T23:09:28.856276
ORA.PA,2026-02-17T23:09:28.856283
ORCL,2026-02-17T23:09:28.856289
ORK.OL,2026-02-17T23:09:28.856296
ORLY,2026-02-17T23:09:28.856302
ORNBV.HE,2026-02-17T23:09:28.856310
ORSTED.CO,2026-02-17T23:09:28.856317
OTB.L,2026-02-17T23:09:28.856324
OTIS,2026-02-17T23:09:28.856330
OUT1V.HE,2026-02-17T23:09:28.856337
OVH.PA,2026-02-17T23:09:28.856344
OVS.MI,2026-02-17T23:09:28.856351
OVZON.ST,2026-02-17T23:09:28.856442
OXIG.L,2026-02-17T23:09:28.856453
OXY,2026-02-17T23:09:28.856460
PAGE.L,2026-02-17T23:09:28.856466
PANW,2026-02-17T23:09:28.856472
PAYC,2026-02-17T23:09:28.856478
PAYX,2026-02-17T23:09:28.856483
PCAR,2026-02-17T23:09:28.856490
PCG,2026-02-17T23:09:28.856496
PCTN.L,2026-02-17T23:09:28.856503
PDD,2026-02-17T23:09:28.856509
PEAB-B.ST,2026-02-17T23:09:28.856516
PEG,2026-02-17T23:09:28.856522
PEO.WA,2026-02-17T23:09:28.856529
PEP,2026-02-17T23:09:28.856535
PFD.L,2026-02-17T23:09:28.856541
PFE,2026-02-17T23:09:28.856548
PFG,2026-02-17T23:09:28.856554
PG,2026-02-17T23:09:28.856560
PGE.WA,2026-02-17T23:09:28.856566
PGHN.SW,2026-02-17T23:09:28.856572
PGR,2026-02-17T23:09:28.856579
PH,2026-02-17T23:09:28.856585
PHIA.AS,2026-02-17T23:09:28.856591
PHM,2026-02-17T23:09:28.856598
PHNX.L,2026-02-17T23:09:28.856603
PHP.L,2026-02-17T23:09:28.856610
PIA.MI,2026-02-17T23:09:28.856616
PINE.L,2026-02-17T23:09:28.856622
PIRC.MI,2026-02-17T23:09:28.856628
PKG,2026-02-17T23:09:28.856634
PKN.WA,2026-02-17T23:09:28.856640
PKO.WA,2026-02-17T23:09:28.856647
PLAZ-B.ST,2026-02-17T23:09:28.856685
PLD,2026-02-17T23:09:28.856696
PLTR,2026-02-17T23:09:28.856704
PLX.PA,2026-02-17T23:09:28.856713
PM,2026-02-17T23:09:28.856721
PNC,2026-02-17T23:09:28.856730
PNDORA.CO,2026-02-17T23:09:28.856739
PNN.L,2026-02-17T23:09:28.856748
PNR,2026-02-17T23:09:28.856756
PNW,2026-02-17T23:09:28.856765
PODD,2026-02-17T23:09:28.856774
POOL,2026-02-17T23:09:28.856782
PPG,2026-02-17T23:09:28.856791
PPL,2026-02-17T23:09:28.856800
PROT.OL,2026-02-17T23:09:28.856809
PROX.BR,2026-02-17T23:09:28.856817
PRT.MI,2026-02-17T23:09:28.856826
PRU,2026-02-17T23:09:28.856835
PRU.L,2026-02-17T23:09:28.856842
PRX.AS,2026-02-17T23:09:28.856850
PRY.MI,2026-02-17T23:09:28.856906
PSA,2026-02-17T23:09:28.856914
PSKY,2026-02-17T23:09:28.856918
PSN.L,2026-02-17T23:09:28.856922
PSON.L,2026-02-17T23:09:28.856926
PSPN.SW,2026-02-17T23:09:28.856929
PST.MI,2026-02-17T23:09:28.856933
PSX,2026-02-17T23:09:28.856937
PTC,2026-02-17T23:09:28.856941
PTEC.L,2026-02-17T23:09:28.856944
PUB.PA,2026-02-17T23:09:28.856948
PUUILO.HE,2026-02-17T23:09:28.856952
PWR,2026-02-17T23:09:28.856956
PYPL,2026-02-17T23:09:28.856960
PZU.WA,2026-02-17T23:09:28.856964
QCOM,2026-02-17T23:09:28.856967
QIA.DE,2026-02-17T23:09:28.856971
QLT.L,2026-02-17T23:09:28.856975
QQ.L,2026-02-17T23:09:28.856978
QQQ,2026-02-17T23:09:28.856982
QQQM,2026-02-17T23:09:28.856986
QTCOM.HE,2026-02-17T23:09:28.856989
QUAL,2026-02-17T23:09:28.856993
R3NK.DE,2026-02-17T23:09:28.856999
RACE.MI,2026-02-17T23:09:28.857003
RAND.AS,2026-02-17T23:09:28.857006
RAT.L,2026-02-17T23:09:28.857010
RATO-B.ST,2026-02-17T23:09:28.857013
RAY-B.ST,2026-02-17T23:09:28.857017
RBREW.CO,2026-02-17T23:09:28.857021
RBW.WA,2026-02-17T23:09:28.857025
RCL,2026-02-17T23:09:28.857028
RDC.DE,2026-02-17T23:09:28.857032
REG,2026-02-17T23:09:28.857035
REGN,2026-02-17T23:09:28.857039
REL.L,2026-02-17T23:09:28.857043
RENE.LS,2026-02-17T23:09:28.857046
REP.MC,2026-02-17T23:09:28.857050
REY.MI,2026-02-17T23:09:28.857053
RF,2026-02-17T23:09:28.857058
RILBA.CO,2026-02-17T23:09:28.857062
RIO.L,2026-02-17T23:09:28.857065
RJF,2026-02-17T23:09:28.857069
RKT.L,2026-02-17T23:09:28.857073
RL,2026-02-17T23:09:28.857076
RMD,2026-02-17T23:09:28.857080
RMV.L,2026-02-17T23:09:28.857083
ROG.SW,2026-02-17T23:09:28.857087
ROK,2026-02-17T23:09:28.857170
ROL,2026-02-17T23:09:28.857216
ROO.L,2026-02-17T23:09:28.857222
ROP,2026-02-17T23:09:28.859722
ROR.L,2026-02-17T23:09:28.859786
ROST,2026-02-17T23:09:28.859794
ROVI.MC,2026-02-17T23:09:28.859800
RPI.L,2026-02-17T23:09:28.859811
RR.L,2026-02-17T23:09:28.859819
RRTL.DE,2026-02-17T23:09:28.859824
RSG,2026-02-17T23:09:28.859830
RSGN.SW,2026-02-17T23:09:28.859836
RSP,2026-02-17T23:09:28.859842
RSW.L,2026-02-17T23:09:28.859847
RTO.L,2026-02-17T23:09:28.859853
RTX,2026-02-17T23:09:28.859859
RUSTA.ST,2026-02-17T23:09:28.859865
RVTY,2026-02-17T23:09:28.859871
RWAY.MI,2026-02-17T23:09:28.859877
RWE,2026-02-17T23:09:28.859883
RXL.PA,2026-02-17T23:09:28.859889
SAAB-B.ST,2026-02-17T23:09:28.859918
SAF.PA,2026-02-17T23:09:28.859925
SAFE.L,2026-02-17T23:09:28.859932
SAGA-B.ST,2026-02-17T23:09:28.859938
SALM.OL,2026-02-17T23:09:28.859945
SAMPO.HE,2026-02-17T23:09:28.859952
SAN.MC,2026-02-17T23:09:28.859961
SAN.PA,2026-02-17T23:09:28.859970
SAND.ST,2026-02-17T23:09:28.859976
SAP.DE,2026-02-17T23:09:28.859983
SB1NO.OL,2026-02-17T23:09:28.859990
SBAC,2026-02-17T23:09:28.859996
SBB-B.ST,2026-02-17T23:09:28.860003
SBMO.AS,2026-02-17T23:09:28.860010
SBRY.L,2026-02-17T23:09:28.860016
SBUX,2026-02-17T23:09:28.860023
SCA-B.ST,2026-02-17T23:09:28.860030
SCATC.OL,2026-02-17T23:09:28.860036
SCHB,2026-02-17T23:09:28.860043
SCHD,2026-02-17T23:09:28.860049
SCHF,2026-02-17T23:09:28.860056
SCHG,2026-02-17T23:09:28.860062
SCHO.CO,2026-02-17T23:09:28.860068
SCHP.SW,2026-02-17T23:09:28.860075
SCHW,2026-02-17T23:09:28.860081
SCHX,2026-02-17T23:09:28.860087
SCMN.SW,2026-02-17T23:09:28.860094
SCOR,2026-02-17T23:09:28.860101
SCYR.MC,2026-02-17T23:09:28.860108
SDIP-B.ST,2026-02-17T23:09:28.860114
SDR.L,2026-02-17T23:09:28.860121
SDZ.SW,2026-02-17T23:09:28.860160
SEB,2026-02-17T23:09:28.860198
SEB-A.ST,2026-02-17T23:09:28.868941
SECT-B.ST,2026-02-17T23:09:28.868969
SECU-B.ST,2026-02-17T23:09:28.868977
SES,2026-02-17T23:09:28.868984
SES.MI,2026-02-17T23:09:28.868991
SF.ST,2026-02-17T23:09:28.868997
SFER.MI,2026-02-17T23:09:28.869004
SFQ.DE,2026-02-17T23:09:28.869011
SFSN.SW,2026-02-17T23:09:28.869018
SFZN.SW,2026-02-17T23:09:28.869024
SGE.L,2026-02-17T23:09:28.869031
SGKN.SW,2026-02-17T23:09:28.869037
SGO.PA,2026-02-17T23:09:28.869044
SGOV,2026-02-17T23:09:28.869051
SGRO.L,2026-02-17T23:09:28.869057
SGSN.SW,2026-02-17T23:09:28.869064
SHB-A.ST,2026-02-17T23:09:28.869070
SHEL.L,2026-02-17T23:09:28.869081
SHOP,2026-02-17T23:09:28.869088
SHOT.ST,2026-02-17T23:09:28.869094
SHUR.BR,2026-02-17T23:09:28.869101
SHW,2026-02-17T23:09:28.869108
SHY,2026-02-17T23:09:28.869114
SIE.DE,2026-02-17T23:09:28.869121
SIKA.SW,2026-02-17T23:09:28.869127
SINCH.ST,2026-02-17T23:09:28.869134
SJM,2026-02-17T23:09:28.869139
SKA-B.ST,2026-02-17T23:09:28.869145
SKAN.SW,2026-02-17T23:09:28.869152
SKF-B.ST,2026-02-17T23:09:28.869158
SKIS-B.ST,2026-02-17T23:09:28.869239
SLB,2026-02-17T23:09:28.869250
SLHN.SW,2026-02-17T23:09:28.869256
SLV,2026-02-17T23:09:28.869263
SMCI,2026-02-17T23:09:28.869270
SMH,2026-02-17T23:09:28.869276
SMIN.L,2026-02-17T23:09:28.869283
SMWH.L,2026-02-17T23:09:28.869289
SN.L,2026-02-17T23:09:28.869296
SNA,2026-02-17T23:09:28.869302
SNI.OL,2026-02-17T23:09:28.869344
SNPS,2026-02-17T23:09:28.869350
SNR.L,2026-02-17T23:09:28.869424
SO,2026-02-17T23:09:28.869578
SOBI.ST,2026-02-17T23:09:28.869707
SOF.BR,2026-02-17T23:09:28.870266
SOLB.BR,2026-02-17T23:09:28.870277
SOLV,2026-02-17T23:09:28.870283
SOON.SW,2026-02-17T23:09:28.870290
SPDW,2026-02-17T23:09:28.870297
SPG,2026-02-17T23:09:28.870303
SPGI,2026-02-17T23:09:28.870310
SPI.L,2026-02-17T23:09:28.870317
SPIE.PA,2026-02-17T23:09:28.870323
SPLG,2026-02-17T23:09:28.870330
SPSN.SW,2026-02-17T23:09:28.870336
SPT.L,2026-02-17T23:09:28.870343
SPY,2026-02-17T23:09:28.870350
SPYG,2026-02-17T23:09:28.870356
SPYV,2026-02-17T23:09:28.870362
SQN.SW,2026-02-17T23:09:28.870369
SRAIL.SW,2026-02-17T23:09:28.870375
SRE,2026-02-17T23:09:28.870382
SRG.MI,2026-02-17T23:09:28.870389
SRP.L,2026-02-17T23:09:28.870395
SSAB-B.ST,2026-02-17T23:09:28.870402
SSE.L,2026-02-17T23:09:28.870409
SSPG.L,2026-02-17T23:09:28.870415
STAN.L,2026-02-17T23:09:28.870422
STB.OL,2026-02-17T23:09:28.870428
STE,2026-02-17T23:09:28.870435
STERV.HE,2026-02-17T23:09:28.870441
STLAM.MI,2026-02-17T23:09:28.870449
STLD,2026-02-17T23:09:28.870455
STMMI.MI,2026-02-17T23:09:28.870462
STMN.SW,2026-02-17T23:09:28.870468
STOR-B.ST,2026-02-17T23:09:28.870475
STT,2026-02-17T23:09:28.870483
STX,2026-02-17T23:09:28.870490
STZ,2026-02-17T23:09:28.870496
SUBC.OL,2026-02-17T23:09:28.870503
SUN.SW,2026-02-17T23:09:28.870509
SUNN.SW,2026-02-17T23:09:28.870516
SVS.L,2026-02-17T23:09:28.870613
SVT.L,2026-02-17T23:09:28.870622
SW,2026-02-17T23:09:28.870629
SW.PA,2026-02-17T23:09:28.870635
SWEC-B.ST,2026-02-17T23:09:28.870643
SWED-A.ST,2026-02-17T23:09:28.870650
SWK,2026-02-17T23:09:28.870657
SWKS,2026-02-17T23:09:28.870663
SWON.SW,2026-02-17T23:09:28.870670
SXS.L,2026-02-17T23:09:28.870676
SYDB.CO,2026-02-17T23:09:28.870683
SYENS.BR,2026-02-17T23:09:28.870690
SYF,2026-02-17T23:09:28.870696
SYK,2026-02-17T23:09:28.870703
SYNSAM.ST,2026-02-17T23:09:28.870709
SYY,2026-02-17T23:09:28.870716
T,2026-02-17T23:09:28.870723
TAP,2026-02-17T23:09:28.870729
TATE.L,2026-02-17T23:09:28.870736
TBCG.L,2026-02-17T23:09:28.870742
TDG,2026-02-17T23:09:28.870749
TDY,2026-02-17T23:09:28.870755
TE.PA,2026-02-17T23:09:28.870762
TEAM,2026-02-17T23:09:28.870768
TECH,2026-02-17T23:09:28.870775
TECN.SW,2026-02-17T23:09:28.870781
TEF.MC,2026-02-17T23:09:28.870788
TEL,2026-02-17T23:09:28.870794
TEL.OL,2026-02-17T23:09:28.870801
TELIA.ST,2026-02-17T23:09:28.870807
TEN.MI,2026-02-17T23:09:28.870814
TEP.L,2026-02-17T23:09:28.870821
TEP.PA,2026-02-17T23:09:28.870828
TER,2026-02-17T23:09:28.870834
TET.L,2026-02-17T23:09:28.870841
TFC,2026-02-17T23:09:28.870847
TGS.OL,2026-02-17T23:09:28.870854
TGT,2026-02-17T23:09:28.870860
TGYM.MI,2026-02-17T23:09:28.870867
THG.L,2026-02-17T23:09:28.870873
THULE.ST,2026-02-17T23:09:28.870880
TIETO.HE,2026-02-17T23:09:28.870887
TIP.MI,2026-02-17T23:09:28.870893
TJX,2026-02-17T23:09:28.870900
TKO,2026-02-17T23:09:28.870906
TKWY.AS,2026-02-17T23:09:28.870913
TLT,2026-02-17T23:09:28.870920
TLW.L,2026-02-17T23:09:28.870926
TMO,2026-02-17T23:09:28.870933
TMUS,2026-02-17T23:09:28.870939
TMV.DE,2026-02-17T23:09:28.870945
TNXT.MI,2026-02-17T23:09:28.870952
TOBII.ST,2026-02-17T23:09:28.870959
TOKMAN.HE,2026-02-17T23:09:28.870966
TOM.OL,2026-02-17T23:09:28.870972
TOM2.AS,2026-02-17T23:09:28.870979
TPE.WA,2026-02-17T23:09:28.870985
TPK.L,2026-02-17T23:09:28.870992
TPL,2026-02-17T23:09:28.870998
TPR,2026-02-17T23:09:28.871005
TPRO.MI,2026-02-17T23:09:28.871011
TQQQ,2026-02-17T23:09:28.871018
TRE.MC,2026-02-17T23:09:28.871024
TREL-B.ST,2026-02-17T23:09:28.871031
TRGP,2026-02-17T23:09:28.871039
TRI,2026-02-17T23:09:28.871046
TRI.PA,2026-02-17T23:09:28.871052
TRMB,2026-02-17T23:09:28.871059
TRN.MI,2026-02-17T23:09:28.871065
TROW,2026-02-17T23:09:28.871072
TRST.L,2026-02-17T23:09:28.871078
TRUE-B.ST,2026-02-17T23:09:28.871085
TRV,2026-02-17T23:09:28.871092
TRYG.CO,2026-02-17T23:09:28.871098
TSCO,2026-02-17T23:09:28.871105
TSCO.L,2026-02-17T23:09:28.871111
TSLA,2026-02-17T23:09:28.871120
TSN,2026-02-17T23:09:28.871127
TT,2026-02-17T23:09:28.871134
TTALO.HE,2026-02-17T23:09:28.871140
TTD,2026-02-17T23:09:28.871147
TTE.PA,2026-02-17T23:09:28.871153
TTWO,2026-02-17T23:09:28.871160
TUB.BR,2026-02-17T23:09:28.871166
TW.L,2026-02-17T23:09:28.871173
TXN,2026-02-17T23:09:28.871179
TXT,2026-02-17T23:09:28.871186
TYL,2026-02-17T23:09:28.871192
TYRES.HE,2026-02-17T23:09:28.871199
UAL,2026-02-17T23:09:28.871205
UBER,2026-02-17T23:09:28.871212
UBSG.SW,2026-02-17T23:09:28.871218
UBXN.SW,2026-02-17T23:09:28.871226
UCB,2026-02-17T23:09:28.871233
UCB.BR,2026-02-17T23:09:28.871240
UCG.MI,2026-02-17T23:09:28.871246
UDR,2026-02-17T23:09:28.871253
UHR.SW,2026-02-17T23:09:28.871259
UHS,2026-02-17T23:09:28.871266
ULTA,2026-02-17T23:09:28.871272
ULVR.L,2026-02-17T23:09:28.871278
UMG.AS,2026-02-17T23:09:28.871301
UMI.BR,2026-02-17T23:09:28.871309
UNH,2026-02-17T23:09:28.871315
UNI.MC,2026-02-17T23:09:28.871322
UNP,2026-02-17T23:09:28.871328
UPM.HE,2026-02-17T23:09:28.871334
UPS,2026-02-17T23:09:28.871341
URI,2026-02-17T23:09:28.871349
URW.PA,2026-02-17T23:09:28.871356
USB,2026-02-17T23:09:28.871362
USHY,2026-02-17T23:09:28.871369
UTDI.DE,2026-02-17T23:09:28.871375
UTG.L,2026-02-17T23:09:28.871382
UU.L,2026-02-17T23:09:28.871388
V,2026-02-17T23:09:28.871395
VACN.SW,2026-02-17T23:09:28.871401
VALMT.HE,2026-02-17T23:09:28.871408
VAR.OL,2026-02-17T23:09:28.871414
VATN.SW,2026-02-17T23:09:28.871421
VB,2026-02-17T23:09:28.871427
VBR,2026-02-17T23:09:28.871434
VCIT,2026-02-17T23:09:28.871440
VCSH,2026-02-17T23:09:28.871447
VEA,2026-02-17T23:09:28.871453
VER.VI,2026-02-17T23:09:28.871460
VEU,2026-02-17T23:09:28.871466
VGIT,2026-02-17T23:09:28.871473
VGK,2026-02-17T23:09:28.871480
VGSH,2026-02-17T23:09:28.871487
VGT,2026-02-17T23:09:28.871493
VICI,2026-02-17T23:09:28.871500
VID.MC,2026-02-17T23:09:28.871506
VIE.PA,2026-02-17T23:09:28.871513
VIG,2026-02-17T23:09:28.871519
VIMIAN.ST,2026-02-17T23:09:28.871526
VIS.MC,2026-02-17T23:09:28.871532
VIT-B.ST,2026-02-17T23:09:28.871539
VITR.ST,2026-02-17T23:09:28.871546
VIV.PA,2026-02-17T23:09:28.871552
VLA.PA,2026-02-17T23:09:28.871559
VLO,2026-02-17T23:09:28.871565
VLTO,2026-02-17T23:09:28.871572
VMC,2026-02-17T23:09:28.871578
VNQ,2026-02-17T23:09:28.871585
VO,2026-02-17T23:09:28.871591
VOD.L,2026-02-17T23:09:28.871597
VOLCAR-B.ST,2026-02-17T23:09:28.871604
VOLV-B.ST,2026-02-17T23:09:28.871611
VONG,2026-02-17T23:09:28.871618
VONN.SW,2026-02-17T23:09:28.871625
VOO,2026-02-17T23:09:28.871631
VRLA.PA,2026-02-17T23:09:28.871638
VRSK,2026-02-17T23:09:28.871644
VRSN,2026-02-17T23:09:28.871651
VRTX,2026-02-17T23:09:28.871657
VST,2026-02-17T23:09:28.871664
VSVS.L,2026-02-17T23:09:28.871670
VT,2026-02-17T23:09:28.871677
VTEB,2026-02-17T23:09:28.871683
VTI,2026-02-17T23:09:28.871689
VTR,2026-02-17T23:09:28.871696
VTRS,2026-02-17T23:09:28.871702
VTV,2026-02-17T23:09:28.871709
VU.PA,2026-02-17T23:09:28.871715
VUG,2026-02-17T23:09:28.871722
VV,2026-02-17T23:09:28.871728
VWO,2026-02-17T23:09:28.871735
VWS.CO,2026-02-17T23:09:28.871741
VXF,2026-02-17T23:09:28.871748
VXUS,2026-02-17T23:09:28.871754
VYM,2026-02-17T23:09:28.871761
VZ,2026-02-17T23:09:28.871768
VZN.SW,2026-02-17T23:09:28.871775
WAB,2026-02-17T23:09:28.871781
WALL-B.ST,2026-02-17T23:09:28.871787
WAT,2026-02-17T23:09:28.871794
WAWI.OL,2026-02-17T23:09:28.871801
WBD,2026-02-17T23:09:28.871807
WBD.MI,2026-02-17T23:09:28.871813
WDAY,2026-02-17T23:09:28.871820
WDC,2026-02-17T23:09:28.871826
WDP,2026-02-17T23:09:28.871833
WEC,2026-02-17T23:09:28.871839
WEIR.L,2026-02-17T23:09:28.871845
WELL,2026-02-17T23:09:28.871852
WFC,2026-02-17T23:09:28.871858
WIHL.ST,2026-02-17T23:09:28.871865
WIX.L,2026-02-17T23:09:28.871871
WIZZ.L,2026-02-17T23:09:28.871878
WKP.L,2026-02-17T23:09:28.871884
WLN.PA,2026-02-17T23:09:28.871891
WM,2026-02-17T23:09:28.871897
WMB,2026-02-17T23:09:28.871904
WMT,2026-02-17T23:09:28.871910
WOSG.L,2026-02-17T23:09:28.871916
WPP,2026-02-17T23:09:28.871923
WPP.L,2026-02-17T23:09:28.871929
WRB,2026-02-17T23:09:28.871936
WRT1V.HE,2026-02-17T23:09:28.871942
WSM,2026-02-17T23:09:28.871949
WST,2026-02-17T23:09:28.871955
WTB.L,2026-02-17T23:09:28.871962
WTW,2026-02-17T23:09:28.871968
WY,2026-02-17T23:09:28.871974
WYNN,2026-02-17T23:09:28.871981
XEL,2026-02-17T23:09:28.871987
XFAB.PA,2026-02-17T23:09:28.871994
XIOR.BR,2026-02-17T23:09:28.872000
XLC,2026-02-17T23:09:28.872007
XLE,2026-02-17T23:09:28.872013
XLF,2026-02-17T23:09:28.872019
XLI,2026-02-17T23:09:28.872026
XLK,2026-02-17T23:09:28.872032
XLV,2026-02-17T23:09:28.872039
XLY,2026-02-17T23:09:28.872045
XOM,2026-02-17T23:09:28.872051
XPS.L,2026-02-17T23:09:28.872058
XTB.WA,2026-02-17T23:09:28.872064
XVIVO.ST,2026-02-17T23:09:28.872071
XYL,2026-02-17T23:09:28.872077
XYZ,2026-02-17T23:09:28.872084
YACHT.MI,2026-02-17T23:09:28.872090
YAR.OL,2026-02-17T23:09:28.872097
YPSN.SW,2026-02-17T23:09:28.872103
YUBICO.ST,2026-02-17T23:09:28.872110
YUM,2026-02-17T23:09:28.872117
ZAB.WA,2026-02-17T23:09:28.872123
ZBH,2026-02-17T23:09:28.872130
ZBRA,2026-02-17T23:09:28.872136
ZEG.L,2026-02-17T23:09:28.872143
ZIG.L,2026-02-17T23:09:28.872149
ZS,2026-02-17T23:09:28.872157
ZTS,2026-02-17T23:09:28.872163
ZURN.SW,2026-02-17T23:09:28.872170
